Iteration,Sensor,Address,Raw_Data_Hex,Thermal,Voltage,Current,Power
1,0,0x8000A000,0x00000000000F45C9,457,977,0,0
1,1,0x8000A008,0x00000000000D3BAF,943,846,0,0
1,2,0x8000A010,0x00000000000F49C2,450,978,0,0
1,3,0x8000A018,0x00000000000BF695,661,765,0,0
1,4,0x8000A020,0x00000000000F45B1,433,977,0,0
1,5,0x8000A028,0x00000000000A2135,309,648,0,0
1,6,0x8000A030,0x00000000000F01EA,490,960,0,0
1,7,0x8000A038,0x00000000000A4D8D,397,659,0,0
1,8,0x8000A040,0x00000000000F3DD7,471,975,0,0
1,9,0x8000A048,0x00000000000F5A2C,556,982,0,0
1,10,0x8000A050,0x00000000000F49C0,448,978,0,0
1,11,0x8000A058,0x00000000000F620C,524,984,0,0
1,12,0x8000A060,0x00000000000F49CC,460,978,0,0
1,13,0x8000A068,0x00000000000C1098,152,772,0,0
2,0,0x8000A070,0x00000000000F59BE,446,982,0,0
2,1,0x8000A078,0x00000000000CD7FC,1020,821,0,0
2,2,0x8000A080,0x00000000000F4DD5,469,979,0,0
2,3,0x8000A088,0x00000000000BFA22,546,766,0,0
2,4,0x8000A090,0x00000000000F5DBA,442,983,0,0
2,5,0x8000A098,0x000000000009F959,345,638,0,0
2,6,0x8000A0A0,0x00000000000F01EA,490,960,0,0
2,7,0x8000A0A8,0x00000000000A359C,412,653,0,0
2,8,0x8000A0B0,0x00000000000F51CB,459,980,0,0
2,9,0x8000A0B8,0x00000000000F7601,513,989,0,0
2,10,0x8000A0C0,0x00000000000F49C0,448,978,0,0
2,11,0x8000A0C8,0x00000000000F7A13,531,990,0,0
2,12,0x8000A0D0,0x00000000000F59C1,449,982,0,0
2,13,0x8000A0D8,0x00000000000BC0D8,216,752,0,0
3,0,0x8000A0E0,0x00000000000F45C9,457,977,0,0
3,1,0x8000A0E8,0x00000000000CF3CC,972,828,0,0
3,2,0x8000A0F0,0x00000000000F4DD5,469,979,0,0
3,3,0x8000A0F8,0x00000000000BF9DC,476,766,0,0
3,4,0x8000A100,0x00000000000F5DBA,442,983,0,0
3,5,0x8000A108,0x000000000009E982,386,634,0,0
3,6,0x8000A110,0x00000000000F55B9,441,981,0,0
3,7,0x8000A118,0x000000000009DDC1,449,631,0,0
3,8,0x8000A120,0x00000000000F51CB,459,980,0,0
3,9,0x8000A128,0x00000000000F562E,558,981,0,0
3,10,0x8000A130,0x00000000000F4DBE,446,979,0,0
3,11,0x8000A138,0x00000000000F621E,542,984,0,0
3,12,0x8000A140,0x00000000000F59C1,449,982,0,0
3,13,0x8000A148,0x00000000000BD8C3,195,758,0,0
4,0,0x8000A150,0x00000000000F35D3,467,973,0,0
4,1,0x8000A158,0x00000000000CB412,18,813,0,0
4,2,0x8000A160,0x00000000000F39E3,483,974,0,0
4,3,0x8000A168,0x00000000000C258B,395,777,0,0
4,4,0x8000A170,0x00000000000F35D2,466,973,0,0
4,5,0x8000A178,0x000000000009F98D,397,638,0,0
4,6,0x8000A180,0x00000000000F1DF0,496,967,0,0
4,7,0x8000A188,0x000000000009CDE8,488,627,0,0
4,8,0x8000A190,0x00000000000F2DE3,483,971,0,0
4,9,0x8000A198,0x00000000000F3E25,549,975,0,0
4,10,0x8000A1A0,0x00000000000F39CA,458,974,0,0
4,11,0x8000A1A8,0x00000000000F5228,552,980,0,0
4,12,0x8000A1B0,0x00000000000F41BB,443,976,0,0
4,13,0x8000A1B8,0x00000000000BC0D8,216,752,0,0
5,0,0x8000A1C0,0x00000000000F45C9,457,977,0,0
5,1,0x8000A1C8,0x00000000000D9B69,873,870,0,0
5,2,0x8000A1D0,0x00000000000F49C2,450,978,0,0
5,3,0x8000A1D8,0x00000000000C7133,307,796,0,0
5,4,0x8000A1E0,0x00000000000F45C7,455,977,0,0
5,5,0x8000A1E8,0x00000000000A254A,330,649,0,0
5,6,0x8000A1F0,0x00000000000F01EA,490,960,0,0
5,7,0x8000A1F8,0x00000000000A8D60,352,675,0,0
5,8,0x8000A200,0x00000000000F3DD7,471,975,0,0
5,9,0x8000A208,0x00000000000F660C,524,985,0,0
5,10,0x8000A210,0x00000000000F49C0,448,978,0,0
5,11,0x8000A218,0x00000000000F7A13,531,990,0,0
5,12,0x8000A220,0x00000000000F49CC,460,978,0,0
5,13,0x8000A228,0x00000000000C5466,102,789,0,0
6,0,0x8000A230,0x00000000000F59BC,444,982,0,0
6,1,0x8000A238,0x00000000000D3799,921,845,0,0
6,2,0x8000A240,0x00000000000F5DB5,437,983,0,0
6,3,0x8000A248,0x00000000000C25D0,464,777,0,0
6,4,0x8000A250,0x00000000000F55A6,422,981,0,0
6,5,0x8000A258,0x000000000009E982,386,634,0,0
6,6,0x8000A260,0x00000000000F69AE,430,986,0,0
6,7,0x8000A268,0x00000000000A6D77,375,667,0,0
6,8,0x8000A270,0x00000000000F5DA8,424,983,0,0
6,9,0x8000A278,0x00000000000F7DFD,509,991,0,0
6,10,0x8000A280,0x00000000000F59A3,419,982,0,0
6,11,0x8000A288,0x00000000000F8A09,521,994,0,0
6,12,0x8000A290,0x00000000000F69A2,418,986,0,0
6,13,0x8000A298,0x00000000000C0487,135,769,0,0
7,0,0x8000A2A0,0x00000000000F35D3,467,973,0,0
7,1,0x8000A2A8,0x00000000000CB3FA,1018,812,0,0
7,2,0x8000A2B0,0x00000000000F39E3,483,974,0,0
7,3,0x8000A2B8,0x00000000000C0E59,601,771,0,0
7,4,0x8000A2C0,0x00000000000F35D2,466,973,0,0
7,5,0x8000A2C8,0x000000000009F575,373,637,0,0
7,6,0x8000A2D0,0x00000000000F41C6,454,976,0,0
7,7,0x8000A2D8,0x00000000000A09BC,444,642,0,0
7,8,0x8000A2E0,0x00000000000F39C2,450,974,0,0
7,9,0x8000A2E8,0x00000000000F562E,558,981,0,0
7,10,0x8000A2F0,0x00000000000F39CA,458,974,0,0
7,11,0x8000A2F8,0x00000000000F5E0E,526,983,0,0
7,12,0x8000A300,0x00000000000F45CE,462,977,0,0
7,13,0x8000A308,0x00000000000C309A,154,780,0,0
8,0,0x8000A310,0x00000000000F45C9,457,977,0,0
8,1,0x8000A318,0x00000000000CF7E2,994,829,0,0
8,2,0x8000A320,0x00000000000F49C2,450,978,0,0
8,3,0x8000A328,0x00000000000C3DF6,502,783,0,0
8,4,0x8000A330,0x00000000000F55A6,422,981,0,0
8,5,0x8000A338,0x000000000009F959,345,638,0,0
8,6,0x8000A340,0x00000000000F55B9,441,981,0,0
8,7,0x8000A348,0x000000000009D9E0,480,630,0,0
8,8,0x8000A350,0x00000000000F4DB4,436,979,0,0
8,9,0x8000A358,0x00000000000F7DFD,509,991,0,0
8,10,0x8000A360,0x00000000000F49AD,429,978,0,0
8,11,0x8000A368,0x00000000000F7A13,531,990,0,0
8,12,0x8000A370,0x00000000000F55AE,430,981,0,0
8,13,0x8000A378,0x00000000000BFCA8,168,767,0,0
9,0,0x8000A380,0x00000000000F45C9,457,977,0,0
9,1,0x8000A388,0x00000000000D17CB,971,837,0,0
9,2,0x8000A390,0x00000000000F4DD5,469,979,0,0
9,3,0x8000A398,0x00000000000C3152,338,780,0,0
9,4,0x8000A3A0,0x00000000000F45C7,455,977,0,0
9,5,0x8000A3A8,0x000000000009F15F,351,636,0,0
9,6,0x8000A3B0,0x00000000000ECE0B,523,947,0,0
9,7,0x8000A3B8,0x00000000000A31A0,416,652,0,0
9,8,0x8000A3C0,0x00000000000F3DD7,471,975,0,0
9,9,0x8000A3C8,0x00000000000F6A21,545,986,0,0
9,10,0x8000A3D0,0x00000000000F49C0,448,978,0,0
9,11,0x8000A3D8,0x00000000000F661C,540,985,0,0
9,12,0x8000A3E0,0x00000000000F55C3,451,981,0,0
9,13,0x8000A3E8,0x00000000000BC0D8,216,752,0,0
10,0,0x8000A3F0,0x00000000000F59BC,444,982,0,0
10,1,0x8000A3F8,0x00000000000CC00B,11,816,0,0
10,2,0x8000A400,0x00000000000F5DB5,437,983,0,0
10,3,0x8000A408,0x00000000000C3232,562,780,0,0
10,4,0x8000A410,0x00000000000F6DAE,430,987,0,0
10,5,0x8000A418,0x000000000009DD71,369,631,0,0
10,6,0x8000A420,0x00000000000F51BB,443,980,0,0
10,7,0x8000A428,0x000000000009CDE8,488,627,0,0
10,8,0x8000A430,0x00000000000F5DA8,424,983,0,0
10,9,0x8000A438,0x00000000000F3E25,549,975,0,0
10,10,0x8000A440,0x00000000000F59A3,419,982,0,0
10,11,0x8000A448,0x00000000000F7A13,531,990,0,0
10,12,0x8000A450,0x00000000000F69A2,418,986,0,0
10,13,0x8000A458,0x00000000000BE4BC,188,761,0,0
11,0,0x8000A460,0x00000000000F6DB2,434,987,0,0
11,1,0x8000A468,0x00000000000CD3E4,996,820,0,0
11,2,0x8000A470,0x00000000000F5DB5,437,983,0,0
11,3,0x8000A478,0x00000000000C01C3,451,768,0,0
11,4,0x8000A480,0x00000000000F6DAE,430,987,0,0
11,5,0x8000A488,0x00000000000A1D38,312,647,0,0
11,6,0x8000A490,0x00000000000F41C6,454,976,0,0
11,7,0x8000A498,0x000000000009F5E5,485,637,0,0
11,8,0x8000A4A0,0x00000000000F5DA8,424,983,0,0
11,9,0x8000A4A8,0x00000000000F423C,572,976,0,0
11,10,0x8000A4B0,0x00000000000F5DB4,436,983,0,0
11,11,0x8000A4B8,0x00000000000F6DF3,499,987,0,0
11,12,0x8000A4C0,0x00000000000F69A2,418,986,0,0
11,13,0x8000A4C8,0x00000000000BE8B8,184,762,0,0
12,0,0x8000A4D0,0x00000000000F59BC,444,982,0,0
12,1,0x8000A4D8,0x00000000000D6776,886,857,0,0
12,2,0x8000A4E0,0x00000000000F5DB5,437,983,0,0
12,3,0x8000A4E8,0x00000000000C1AA2,674,774,0,0
12,4,0x8000A4F0,0x00000000000F5DBA,442,983,0,0
12,5,0x8000A4F8,0x00000000000A0D5F,351,643,0,0
12,6,0x8000A500,0x00000000000F51BB,443,980,0,0
12,7,0x8000A508,0x00000000000A6D76,374,667,0,0
12,8,0x8000A510,0x00000000000F5DA8,424,983,0,0
12,9,0x8000A518,0x00000000000F8DF1,497,995,0,0
12,10,0x8000A520,0x00000000000F5DB4,436,983,0,0
12,11,0x8000A528,0x00000000000F9206,518,996,0,0
12,12,0x8000A530,0x00000000000F69A2,418,986,0,0
12,13,0x8000A538,0x00000000000C405B,91,784,0,0
13,0,0x8000A540,0x00000000000F45C9,457,977,0,0
13,1,0x8000A548,0x00000000000D23C2,962,840,0,0
13,2,0x8000A550,0x00000000000F49C2,450,978,0,0
13,3,0x8000A558,0x00000000000C3DF6,502,783,0,0
13,4,0x8000A560,0x00000000000F5DBA,442,983,0,0
13,5,0x8000A568,0x00000000000A1D39,313,647,0,0
13,6,0x8000A570,0x00000000000F01EA,490,960,0,0
13,7,0x8000A578,0x00000000000A7570,368,669,0,0
13,8,0x8000A580,0x00000000000F3DD7,471,975,0,0
13,9,0x8000A588,0x00000000000F660C,524,985,0,0
13,10,0x8000A590,0x00000000000F49C0,448,978,0,0
13,11,0x8000A598,0x00000000000F7A13,531,990,0,0
13,12,0x8000A5A0,0x00000000000F55C3,451,981,0,0
13,13,0x8000A5A8,0x00000000000C5069,105,788,0,0
14,0,0x8000A5B0,0x00000000000F71C3,451,988,0,0
14,1,0x8000A5B8,0x00000000000CE7D3,979,825,0,0
14,2,0x8000A5C0,0x00000000000F5DB5,437,983,0,0
14,3,0x8000A5C8,0x00000000000C19B5,437,774,0,0
14,4,0x8000A5D0,0x00000000000F699B,411,986,0,0
14,5,0x8000A5D8,0x00000000000A193D,317,646,0,0
14,6,0x8000A5E0,0x00000000000F51BB,443,980,0,0
14,7,0x8000A5E8,0x00000000000A15CE,462,645,0,0
14,8,0x8000A5F0,0x00000000000F5DA8,424,983,0,0
14,9,0x8000A5F8,0x00000000000F5A2C,556,982,0,0
14,10,0x8000A600,0x00000000000F5DB4,436,983,0,0
14,11,0x8000A608,0x00000000000F7603,515,989,0,0
14,12,0x8000A610,0x00000000000F69A2,418,986,0,0
14,13,0x8000A618,0x00000000000C00A5,165,768,0,0
15,0,0x8000A620,0x00000000000F6DB2,434,987,0,0
15,1,0x8000A628,0x00000000000CC00B,11,816,0,0
15,2,0x8000A630,0x00000000000F5DB5,437,983,0,0
15,3,0x8000A638,0x00000000000C256A,362,777,0,0
15,4,0x8000A640,0x00000000000F6DAE,430,987,0,0
15,5,0x8000A648,0x000000000009ED63,355,635,0,0
15,6,0x8000A650,0x00000000000F39B3,435,974,0,0
15,7,0x8000A658,0x000000000009DDDA,474,631,0,0
15,8,0x8000A660,0x00000000000F5DA8,424,983,0,0
15,9,0x8000A668,0x00000000000F660C,524,985,0,0
15,10,0x8000A670,0x00000000000F5DB4,436,983,0,0
15,11,0x8000A678,0x00000000000F69E3,483,986,0,0
15,12,0x8000A680,0x00000000000F69A2,418,986,0,0
15,13,0x8000A688,0x00000000000BE8B8,184,762,0,0
16,0,0x8000A690,0x00000000000F35D3,467,973,0,0
16,1,0x8000A698,0x00000000000C9410,16,805,0,0
16,2,0x8000A6A0,0x00000000000F35CD,461,973,0,0
16,3,0x8000A6A8,0x00000000000C1A51,593,774,0,0
16,4,0x8000A6B0,0x00000000000F41B3,435,976,0,0
16,5,0x8000A6B8,0x00000000000A016A,362,640,0,0
16,6,0x8000A6C0,0x00000000000F41C6,454,976,0,0
16,7,0x8000A6C8,0x000000000009C1EE,494,624,0,0
16,8,0x8000A6D0,0x00000000000F3DD7,471,975,0,0
16,9,0x8000A6D8,0x00000000000F3E25,549,975,0,0
16,10,0x8000A6E0,0x00000000000F39CA,458,974,0,0
16,11,0x8000A6E8,0x00000000000F5E0E,526,983,0,0
16,12,0x8000A6F0,0x00000000000F49CC,460,978,0,0
16,13,0x8000A6F8,0x00000000000B84E9,233,737,0,0
17,0,0x8000A700,0x00000000000F45C9,457,977,0,0
17,1,0x8000A708,0x00000000000CF3CA,970,828,0,0
17,2,0x8000A710,0x00000000000F49C2,450,978,0,0
17,3,0x8000A718,0x00000000000C25E1,481,777,0,0
17,4,0x8000A720,0x00000000000F5DBA,442,983,0,0
17,5,0x8000A728,0x00000000000A3D52,338,655,0,0
17,6,0x8000A730,0x00000000000F41C6,454,976,0,0
17,7,0x8000A738,0x00000000000A4592,402,657,0,0
17,8,0x8000A740,0x00000000000F49B6,438,978,0,0
17,9,0x8000A748,0x00000000000F5A2C,556,982,0,0
17,10,0x8000A750,0x00000000000F4DBE,446,979,0,0
17,11,0x8000A758,0x00000000000F7A13,531,990,0,0
17,12,0x8000A760,0x00000000000F55AE,430,981,0,0
17,13,0x8000A768,0x00000000000C3C93,147,783,0,0
18,0,0x8000A770,0x00000000000F39E4,484,974,0,0
18,1,0x8000A778,0x00000000000D9371,881,868,0,0
18,2,0x8000A780,0x00000000000F3DE1,481,975,0,0
18,3,0x8000A788,0x00000000000C2615,533,777,0,0
18,4,0x8000A790,0x00000000000F45C7,455,977,0,0
18,5,0x8000A798,0x00000000000A5D1C,284,663,0,0
18,6,0x8000A7A0,0x00000000000EF1F5,501,956,0,0
18,7,0x8000A7A8,0x00000000000A6D76,374,667,0,0
18,8,0x8000A7B0,0x00000000000F3DD7,471,975,0,0
18,9,0x8000A7B8,0x00000000000F3E25,549,975,0,0
18,10,0x8000A7C0,0x00000000000F39CA,458,974,0,0
18,11,0x8000A7C8,0x00000000000F59FE,510,982,0,0
18,12,0x8000A7D0,0x00000000000F45CE,462,977,0,0
18,13,0x8000A7D8,0x00000000000C744E,78,797,0,0
19,0,0x8000A7E0,0x00000000000F45C9,457,977,0,0
19,1,0x8000A7E8,0x00000000000CE7D3,979,825,0,0
19,2,0x8000A7F0,0x00000000000F49C2,450,978,0,0
19,3,0x8000A7F8,0x00000000000C0E85,645,771,0,0
19,4,0x8000A800,0x00000000000F55A6,422,981,0,0
19,5,0x8000A808,0x00000000000A3938,312,654,0,0
19,6,0x8000A810,0x00000000000F41C6,454,976,0,0
19,7,0x8000A818,0x00000000000A359C,412,653,0,0
19,8,0x8000A820,0x00000000000F49B6,438,978,0,0
19,9,0x8000A828,0x00000000000F5218,536,980,0,0
19,10,0x8000A830,0x00000000000F4DBE,446,979,0,0
19,11,0x8000A838,0x00000000000F7603,515,989,0,0
19,12,0x8000A840,0x00000000000F55AE,430,981,0,0
19,13,0x8000A848,0x00000000000C4076,118,784,0,0
20,0,0x8000A850,0x00000000000F6DB2,434,987,0,0
20,1,0x8000A858,0x00000000000D17CB,971,837,0,0
20,2,0x8000A860,0x00000000000F59B6,438,982,0,0
20,3,0x8000A868,0x00000000000BE2C0,704,760,0,0
20,4,0x8000A870,0x00000000000F6DAE,430,987,0,0
20,5,0x8000A878,0x00000000000A0D62,354,643,0,0
20,6,0x8000A880,0x00000000000F05E8,488,961,0,0
20,7,0x8000A888,0x000000000009F5CA,458,637,0,0
20,8,0x8000A890,0x00000000000F49B6,438,978,0,0
20,9,0x8000A898,0x00000000000F660C,524,985,0,0
20,10,0x8000A8A0,0x00000000000F4DBE,446,979,0,0
20,11,0x8000A8A8,0x00000000000F7A13,531,990,0,0
20,12,0x8000A8B0,0x00000000000F59C1,449,982,0,0
20,13,0x8000A8B8,0x00000000000BCCCD,205,755,0,0
21,0,0x8000A8C0,0x00000000000F6DB2,434,987,0,0
21,1,0x8000A8C8,0x00000000000CC803,3,818,0,0
21,2,0x8000A8D0,0x00000000000F5DB5,437,983,0,0
21,3,0x8000A8D8,0x00000000000C19FA,506,774,0,0
21,4,0x8000A8E0,0x00000000000F699B,411,986,0,0
21,5,0x8000A8E8,0x000000000009FD55,341,639,0,0
21,6,0x8000A8F0,0x00000000000F55B9,441,981,0,0
21,7,0x8000A8F8,0x00000000000A09BC,444,642,0,0
21,8,0x8000A900,0x00000000000F5DA8,424,983,0,0
21,9,0x8000A908,0x00000000000F7601,513,989,0,0
21,10,0x8000A910,0x00000000000F5DB4,436,983,0,0
21,11,0x8000A918,0x00000000000F7603,515,989,0,0
21,12,0x8000A920,0x00000000000F69A2,418,986,0,0
21,13,0x8000A928,0x00000000000BC8B5,181,754,0,0
22,0,0x8000A930,0x00000000000F45C9,457,977,0,0
22,1,0x8000A938,0x00000000000D03DA,986,832,0,0
22,2,0x8000A940,0x00000000000F49C2,450,978,0,0
22,3,0x8000A948,0x00000000000C0EA9,681,771,0,0
22,4,0x8000A950,0x00000000000F5DBA,442,983,0,0
22,5,0x8000A958,0x000000000009F98F,399,638,0,0
22,6,0x8000A960,0x00000000000F41C6,454,976,0,0
22,7,0x8000A968,0x000000000009AA01,513,618,0,0
22,8,0x8000A970,0x00000000000F4DB4,436,979,0,0
22,9,0x8000A978,0x00000000000F8211,529,992,0,0
22,10,0x8000A980,0x00000000000F4DBE,446,979,0,0
22,11,0x8000A988,0x00000000000F7A13,531,990,0,0
22,12,0x8000A990,0x00000000000F55AE,430,981,0,0
22,13,0x8000A998,0x00000000000C147D,125,773,0,0
23,0,0x8000A9A0,0x00000000000F45C9,457,977,0,0
23,1,0x8000A9A8,0x00000000000D2BA1,929,842,0,0
23,2,0x8000A9B0,0x00000000000F49C2,450,978,0,0
23,3,0x8000A9B8,0x00000000000C3D8F,399,783,0,0
23,4,0x8000A9C0,0x00000000000F45B1,433,977,0,0
23,5,0x8000A9C8,0x00000000000A5124,292,660,0,0
23,6,0x8000A9D0,0x00000000000F41C6,454,976,0,0
23,7,0x8000A9D8,0x00000000000A4592,402,657,0,0
23,8,0x8000A9E0,0x00000000000F39C2,450,974,0,0
23,9,0x8000A9E8,0x00000000000F521A,538,980,0,0
23,10,0x8000A9F0,0x00000000000F45AF,431,977,0,0
23,11,0x8000A9F8,0x00000000000F621E,542,984,0,0
23,12,0x8000AA00,0x00000000000F45B9,441,977,0,0
23,13,0x8000AA08,0x00000000000C1C8F,143,775,0,0
24,0,0x8000AA10,0x00000000000F45C9,457,977,0,0
24,1,0x8000AA18,0x00000000000CA801,1,810,0,0
24,2,0x8000AA20,0x00000000000F35CD,461,973,0,0
24,3,0x8000AA28,0x00000000000C3220,544,780,0,0
24,4,0x8000AA30,0x00000000000F45C7,455,977,0,0
24,5,0x8000AA38,0x000000000009E16E,366,632,0,0
24,6,0x8000AA40,0x00000000000F29D2,466,970,0,0
24,7,0x8000AA48,0x000000000009F1CE,462,636,0,0
24,8,0x8000AA50,0x00000000000F3DD7,471,975,0,0
24,9,0x8000AA58,0x00000000000F521A,538,980,0,0
24,10,0x8000AA60,0x00000000000F39CA,458,974,0,0
24,11,0x8000AA68,0x00000000000F5E0E,526,983,0,0
24,12,0x8000AA70,0x00000000000F45CE,462,977,0,0
24,13,0x8000AA78,0x00000000000C1895,149,774,0,0
25,0,0x8000AA80,0x00000000000F59BE,446,982,0,0
25,1,0x8000AA88,0x00000000000D17CB,971,837,0,0
25,2,0x8000AA90,0x00000000000F49C2,450,978,0,0
25,3,0x8000AA98,0x00000000000C0DF8,504,771,0,0
25,4,0x8000AAA0,0x00000000000F45C7,455,977,0,0
25,5,0x8000AAA8,0x00000000000A391F,287,654,0,0
25,6,0x8000AAB0,0x00000000000F01EA,490,960,0,0
25,7,0x8000AAB8,0x00000000000A8564,356,673,0,0
25,8,0x8000AAC0,0x00000000000F3DD7,471,975,0,0
25,9,0x8000AAC8,0x00000000000F7A15,533,990,0,0
25,10,0x8000AAD0,0x00000000000F49C0,448,978,0,0
25,11,0x8000AAD8,0x00000000000F7A13,531,990,0,0
25,12,0x8000AAE0,0x00000000000F45B9,441,977,0,0
25,13,0x8000AAE8,0x00000000000BF8AC,172,766,0,0
26,0,0x8000AAF0,0x00000000000F45C9,457,977,0,0
26,1,0x8000AAF8,0x00000000000D5B7F,895,854,0,0
26,2,0x8000AB00,0x00000000000F3DE1,481,975,0,0
26,3,0x8000AB08,0x00000000000C19C6,454,774,0,0
26,4,0x8000AB10,0x00000000000F41B3,435,976,0,0
26,5,0x8000AB18,0x00000000000A2D2B,299,651,0,0
26,6,0x8000AB20,0x00000000000F39B3,435,974,0,0
26,7,0x8000AB28,0x00000000000A4991,401,658,0,0
26,8,0x8000AB30,0x00000000000F3DD7,471,975,0,0
26,9,0x8000AB38,0x00000000000F521A,538,980,0,0
26,10,0x8000AB40,0x00000000000F39CA,458,974,0,0
26,11,0x8000AB48,0x00000000000F5E0E,526,983,0,0
26,12,0x8000AB50,0x00000000000F45B9,441,977,0,0
26,13,0x8000AB58,0x00000000000C1C78,120,775,0,0
27,0,0x8000AB60,0x00000000000F45C9,457,977,0,0
27,1,0x8000AB68,0x00000000000D837A,890,864,0,0
27,2,0x8000AB70,0x00000000000F3DE1,481,975,0,0
27,3,0x8000AB78,0x00000000000C5A15,533,790,0,0
27,4,0x8000AB80,0x00000000000F45C7,455,977,0,0
27,5,0x8000AB88,0x00000000000A252F,303,649,0,0
27,6,0x8000AB90,0x00000000000EF1F5,501,956,0,0
27,7,0x8000AB98,0x00000000000A21C5,453,648,0,0
27,8,0x8000ABA0,0x00000000000F3DD7,471,975,0,0
27,9,0x8000ABA8,0x00000000000F463A,570,977,0,0
27,10,0x8000ABB0,0x00000000000F39CA,458,974,0,0
27,11,0x8000ABB8,0x00000000000F621E,542,984,0,0
27,12,0x8000ABC0,0x00000000000F45CE,462,977,0,0
27,13,0x8000ABC8,0x00000000000C4076,118,784,0,0
28,0,0x8000ABD0,0x00000000000F35D3,467,973,0,0
28,1,0x8000ABD8,0x00000000000D13B4,948,836,0,0
28,2,0x8000ABE0,0x00000000000F35CD,461,973,0,0
28,3,0x8000ABE8,0x00000000000BF671,625,765,0,0
28,4,0x8000ABF0,0x00000000000F45C7,455,977,0,0
28,5,0x8000ABF8,0x000000000009ED30,304,635,0,0
28,6,0x8000AC00,0x00000000000EDE00,512,951,0,0
28,7,0x8000AC08,0x000000000009EDCF,463,635,0,0
28,8,0x8000AC10,0x00000000000F3DD7,471,975,0,0
28,9,0x8000AC18,0x00000000000F521A,538,980,0,0
28,10,0x8000AC20,0x00000000000F31B9,441,972,0,0
28,11,0x8000AC28,0x00000000000F621E,542,984,0,0
28,12,0x8000AC30,0x00000000000F45CE,462,977,0,0
28,13,0x8000AC38,0x00000000000C00A5,165,768,0,0
29,0,0x8000AC40,0x00000000000F59BC,444,982,0,0
29,1,0x8000AC48,0x00000000000D23C2,962,840,0,0
29,2,0x8000AC50,0x00000000000F5DB5,437,983,0,0
29,3,0x8000AC58,0x00000000000C65C1,449,793,0,0
29,4,0x8000AC60,0x00000000000F55A6,422,981,0,0
29,5,0x8000AC68,0x00000000000A4119,281,656,0,0
29,6,0x8000AC70,0x00000000000EEDE2,482,955,0,0
29,7,0x8000AC78,0x00000000000A21AA,426,648,0,0
29,8,0x8000AC80,0x00000000000F65BD,445,985,0,0
29,9,0x8000AC88,0x00000000000F5A2C,556,982,0,0
29,10,0x8000AC90,0x00000000000F59A3,419,982,0,0
29,11,0x8000AC98,0x00000000000F661C,540,985,0,0
29,12,0x8000ACA0,0x00000000000F69A2,418,986,0,0
29,13,0x8000ACA8,0x00000000000C008D,141,768,0,0
30,0,0x8000ACB0,0x00000000000F59BC,444,982,0,0
30,1,0x8000ACB8,0x00000000000D6B8D,909,858,0,0
30,2,0x8000ACC0,0x00000000000F59B6,438,982,0,0
30,3,0x8000ACC8,0x00000000000C021A,538,768,0,0
30,4,0x8000ACD0,0x00000000000F5DBA,442,983,0,0
30,5,0x8000ACD8,0x00000000000A80E3,227,672,0,0
30,6,0x8000ACE0,0x00000000000EDE00,512,951,0,0
30,7,0x8000ACE8,0x00000000000A6D76,374,667,0,0
30,8,0x8000ACF0,0x00000000000F4DB4,436,979,0,0
30,9,0x8000ACF8,0x00000000000F6A21,545,986,0,0
30,10,0x8000AD00,0x00000000000F5DB4,436,983,0,0
30,11,0x8000AD08,0x00000000000F7A13,531,990,0,0
30,12,0x8000AD10,0x00000000000F59C1,449,982,0,0
30,13,0x8000AD18,0x00000000000BF8AC,172,766,0,0
31,0,0x8000AD20,0x00000000000F35D3,467,973,0,0
31,1,0x8000AD28,0x00000000000C9410,16,805,0,0
31,2,0x8000AD30,0x00000000000F3DE1,481,975,0,0
31,3,0x8000AD38,0x00000000000C5A4A,586,790,0,0
31,4,0x8000AD40,0x00000000000F45C7,455,977,0,0
31,5,0x8000AD48,0x00000000000A2135,309,648,0,0
31,6,0x8000AD50,0x00000000000F05E8,488,961,0,0
31,7,0x8000AD58,0x000000000009F1CE,462,636,0,0
31,8,0x8000AD60,0x00000000000F39C2,450,974,0,0
31,9,0x8000AD68,0x00000000000F3E25,549,975,0,0
31,10,0x8000AD70,0x00000000000F39CA,458,974,0,0
31,11,0x8000AD78,0x00000000000F621E,542,984,0,0
31,12,0x8000AD80,0x00000000000F45CE,462,977,0,0
31,13,0x8000AD88,0x00000000000C5862,98,790,0,0
32,0,0x8000AD90,0x00000000000F59BC,444,982,0,0
32,1,0x8000AD98,0x00000000000D23C2,962,840,0,0
32,2,0x8000ADA0,0x00000000000F5DB5,437,983,0,0
32,3,0x8000ADA8,0x00000000000C324C,588,780,0,0
32,4,0x8000ADB0,0x00000000000F6DAE,430,987,0,0
32,5,0x8000ADB8,0x00000000000A0D45,325,643,0,0
32,6,0x8000ADC0,0x00000000000F51BB,443,980,0,0
32,7,0x8000ADC8,0x00000000000A0DB9,441,643,0,0
32,8,0x8000ADD0,0x00000000000F5DA8,424,983,0,0
32,9,0x8000ADD8,0x00000000000F5218,536,980,0,0
32,10,0x8000ADE0,0x00000000000F5DB4,436,983,0,0
32,11,0x8000ADE8,0x00000000000F7A13,531,990,0,0
32,12,0x8000ADF0,0x00000000000F69A2,418,986,0,0
32,13,0x8000ADF8,0x00000000000C1895,149,774,0,0
33,0,0x8000AE00,0x00000000000F59BC,444,982,0,0
33,1,0x8000AE08,0x00000000000C9828,40,806,0,0
33,2,0x8000AE10,0x00000000000F61CA,458,984,0,0
33,3,0x8000AE18,0x00000000000BF683,643,765,0,0
33,4,0x8000AE20,0x00000000000F5DBA,442,983,0,0
33,5,0x8000AE28,0x000000000009FD3B,315,639,0,0
33,6,0x8000AE30,0x00000000000F2DD1,465,971,0,0
33,7,0x8000AE38,0x000000000009DDDC,476,631,0,0
33,8,0x8000AE40,0x00000000000F4DB4,436,979,0,0
33,9,0x8000AE48,0x00000000000F5218,536,980,0,0
33,10,0x8000AE50,0x00000000000F5DB4,436,983,0,0
33,11,0x8000AE58,0x00000000000F7A13,531,990,0,0
33,12,0x8000AE60,0x00000000000F6DB5,437,987,0,0
33,13,0x8000AE68,0x00000000000BB4E1,225,749,0,0
34,0,0x8000AE70,0x00000000000F59BC,444,982,0,0
34,1,0x8000AE78,0x00000000000CCC01,1,819,0,0
34,2,0x8000AE80,0x00000000000F59B6,438,982,0,0
34,3,0x8000AE88,0x00000000000C261E,542,777,0,0
34,4,0x8000AE90,0x00000000000F55A6,422,981,0,0
34,5,0x8000AE98,0x000000000009E550,336,633,0,0
34,6,0x8000AEA0,0x00000000000F51A6,422,980,0,0
34,7,0x8000AEA8,0x000000000009DDDC,476,631,0,0
34,8,0x8000AEB0,0x00000000000F5DA8,424,983,0,0
34,9,0x8000AEB8,0x00000000000F6A21,545,986,0,0
34,10,0x8000AEC0,0x00000000000F5DB4,436,983,0,0
34,11,0x8000AEC8,0x00000000000F69E3,483,986,0,0
34,12,0x8000AED0,0x00000000000F69A2,418,986,0,0
34,13,0x8000AED8,0x00000000000BE8B8,184,762,0,0
35,0,0x8000AEE0,0x00000000000F59BC,444,982,0,0
35,1,0x8000AEE8,0x00000000000D47A8,936,849,0,0
35,2,0x8000AEF0,0x00000000000F59B6,438,982,0,0
35,3,0x8000AEF8,0x00000000000C85D8,472,801,0,0
35,4,0x8000AF00,0x00000000000F55A6,422,981,0,0
35,5,0x8000AF08,0x00000000000A1D38,312,647,0,0
35,6,0x8000AF10,0x00000000000F619C,412,984,0,0
35,7,0x8000AF18,0x00000000000A29A6,422,650,0,0
35,8,0x8000AF20,0x00000000000F5DA8,424,983,0,0
35,9,0x8000AF28,0x00000000000F7DFD,509,991,0,0
35,10,0x8000AF30,0x00000000000F59A3,419,982,0,0
35,11,0x8000AF38,0x00000000000F81E9,489,992,0,0
35,12,0x8000AF40,0x00000000000F69A2,418,986,0,0
35,13,0x8000AF48,0x00000000000BF097,151,764,0,0
36,0,0x8000AF50,0x00000000000F45C9,457,977,0,0
36,1,0x8000AF58,0x00000000000D4390,912,848,0,0
36,2,0x8000AF60,0x00000000000F35CD,461,973,0,0
36,3,0x8000AF68,0x00000000000C499A,410,786,0,0
36,4,0x8000AF70,0x00000000000F41B3,435,976,0,0
36,5,0x8000AF78,0x00000000000A40FD,253,656,0,0
36,6,0x8000AF80,0x00000000000F29D2,466,970,0,0
36,7,0x8000AF88,0x00000000000A3D97,407,655,0,0
36,8,0x8000AF90,0x00000000000F39C2,450,974,0,0
36,9,0x8000AF98,0x00000000000F562E,558,981,0,0
36,10,0x8000AFA0,0x00000000000F49C0,448,978,0,0
36,11,0x8000AFA8,0x00000000000F621E,542,984,0,0
36,12,0x8000AFB0,0x00000000000F45B9,441,977,0,0
36,13,0x8000AFB8,0x00000000000BFCA8,168,767,0,0
37,0,0x8000AFC0,0x00000000000F59BC,444,982,0,0
37,1,0x8000AFC8,0x00000000000D13B4,948,836,0,0
37,2,0x8000AFD0,0x00000000000F49C2,450,978,0,0
37,3,0x8000AFD8,0x00000000000BFA33,563,766,0,0
37,4,0x8000AFE0,0x00000000000F5DBA,442,983,0,0
37,5,0x8000AFE8,0x00000000000A0D45,325,643,0,0
37,6,0x8000AFF0,0x00000000000F01EA,490,960,0,0
37,7,0x8000AFF8,0x00000000000A6D90,400,667,0,0
37,8,0x8000B000,0x00000000000F51CB,459,980,0,0
37,9,0x8000B008,0x00000000000F8211,529,992,0,0
37,10,0x8000B010,0x00000000000F49C0,448,978,0,0
37,11,0x8000B018,0x00000000000F6DF3,499,987,0,0
37,12,0x8000B020,0x00000000000F59C1,449,982,0,0
37,13,0x8000B028,0x00000000000BF0B3,179,764,0,0
38,0,0x8000B030,0x00000000000F59BC,444,982,0,0
38,1,0x8000B038,0x00000000000D07BB,955,833,0,0
38,2,0x8000B040,0x00000000000F5DB5,437,983,0,0
38,3,0x8000B048,0x00000000000C31DA,474,780,0,0
38,4,0x8000B050,0x00000000000F699B,411,986,0,0
38,5,0x8000B058,0x000000000009E584,388,633,0,0
38,6,0x8000B060,0x00000000000F55B9,441,981,0,0
38,7,0x8000B068,0x00000000000A11B8,440,644,0,0
38,8,0x8000B070,0x00000000000F5DA8,424,983,0,0
38,9,0x8000B078,0x00000000000F7601,513,989,0,0
38,10,0x8000B080,0x00000000000F59A3,419,982,0,0
38,11,0x8000B088,0x00000000000F6DF3,499,987,0,0
38,12,0x8000B090,0x00000000000F69A2,418,986,0,0
38,13,0x8000B098,0x00000000000BC8B5,181,754,0,0
39,0,0x8000B0A0,0x00000000000F45C9,457,977,0,0
39,1,0x8000B0A8,0x00000000000CF3CC,972,828,0,0
39,2,0x8000B0B0,0x00000000000F4DD5,469,979,0,0
39,3,0x8000B0B8,0x00000000000C3E08,520,783,0,0
39,4,0x8000B0C0,0x00000000000F45C7,455,977,0,0
39,5,0x8000B0C8,0x00000000000A2135,309,648,0,0
39,6,0x8000B0D0,0x00000000000F01EA,490,960,0,0
39,7,0x8000B0D8,0x00000000000A6D76,374,667,0,0
39,8,0x8000B0E0,0x00000000000F3DD7,471,975,0,0
39,9,0x8000B0E8,0x00000000000F660C,524,985,0,0
39,10,0x8000B0F0,0x00000000000F49C0,448,978,0,0
39,11,0x8000B0F8,0x00000000000F6DF3,499,987,0,0
39,12,0x8000B100,0x00000000000F45CE,462,977,0,0
39,13,0x8000B108,0x00000000000C1098,152,772,0,0
40,0,0x8000B110,0x00000000000F35D3,467,973,0,0
40,1,0x8000B118,0x00000000000C9C0A,10,807,0,0
40,2,0x8000B120,0x00000000000F35CD,461,973,0,0
40,3,0x8000B128,0x00000000000C1A5A,602,774,0,0
40,4,0x8000B130,0x00000000000F45C7,455,977,0,0
40,5,0x8000B138,0x000000000009E934,308,634,0,0
40,6,0x8000B140,0x00000000000F19DD,477,966,0,0
40,7,0x8000B148,0x000000000009F1CE,462,636,0,0
40,8,0x8000B150,0x00000000000F39C2,450,974,0,0
40,9,0x8000B158,0x00000000000F562E,558,981,0,0
40,10,0x8000B160,0x00000000000F39CA,458,974,0,0
40,11,0x8000B168,0x00000000000F662E,558,985,0,0
40,12,0x8000B170,0x00000000000F45CE,462,977,0,0
40,13,0x8000B178,0x00000000000C28A0,160,778,0,0
41,0,0x8000B180,0x00000000000F45C9,457,977,0,0
41,1,0x8000B188,0x00000000000D17CB,971,837,0,0
41,2,0x8000B190,0x00000000000F49C2,450,978,0,0
41,3,0x8000B198,0x00000000000C0E24,548,771,0,0
41,4,0x8000B1A0,0x00000000000F45C7,455,977,0,0
41,5,0x8000B1A8,0x00000000000A3938,312,654,0,0
41,6,0x8000B1B0,0x00000000000EF1F5,501,956,0,0
41,7,0x8000B1B8,0x00000000000A7570,368,669,0,0
41,8,0x8000B1C0,0x00000000000F51CB,459,980,0,0
41,9,0x8000B1C8,0x00000000000F6A21,545,986,0,0
41,10,0x8000B1D0,0x00000000000F49C0,448,978,0,0
41,11,0x8000B1D8,0x00000000000F7E23,547,991,0,0
41,12,0x8000B1E0,0x00000000000F49CC,460,978,0,0
41,13,0x8000B1E8,0x00000000000C00A5,165,768,0,0
42,0,0x8000B1F0,0x00000000000F35D3,467,973,0,0
42,1,0x8000B1F8,0x00000000000D4F87,903,851,0,0
42,2,0x8000B200,0x00000000000F35CF,463,973,0,0
42,3,0x8000B208,0x00000000000BE58E,398,761,0,0
42,4,0x8000B210,0x00000000000F35D2,466,973,0,0
42,5,0x8000B218,0x00000000000A452E,302,657,0,0
42,6,0x8000B220,0x00000000000EBE15,533,943,0,0
42,7,0x8000B228,0x00000000000A11B8,440,644,0,0
42,8,0x8000B230,0x00000000000F29CD,461,970,0,0
42,9,0x8000B238,0x00000000000F3E25,549,975,0,0
42,10,0x8000B240,0x00000000000F39CA,458,974,0,0
42,11,0x8000B248,0x00000000000F59FE,510,982,0,0
42,12,0x8000B250,0x00000000000F45CE,462,977,0,0
42,13,0x8000B258,0x00000000000C14B0,176,773,0,0
43,0,0x8000B260,0x00000000000F6DB2,434,987,0,0
43,1,0x8000B268,0x00000000000CB414,20,813,0,0
43,2,0x8000B270,0x00000000000F5DB5,437,983,0,0
43,3,0x8000B278,0x00000000000C1A49,585,774,0,0
43,4,0x8000B280,0x00000000000F6DAE,430,987,0,0
43,5,0x8000B288,0x00000000000A094A,330,642,0,0
43,6,0x8000B290,0x00000000000F01EA,490,960,0,0
43,7,0x8000B298,0x000000000009E5D6,470,633,0,0
43,8,0x8000B2A0,0x00000000000F5DA8,424,983,0,0
43,9,0x8000B2A8,0x00000000000F5218,536,980,0,0
43,10,0x8000B2B0,0x00000000000F5DB4,436,983,0,0
43,11,0x8000B2B8,0x00000000000F7A13,531,990,0,0
43,12,0x8000B2C0,0x00000000000F69A2,418,986,0,0
43,13,0x8000B2C8,0x00000000000BA8CF,207,746,0,0
44,0,0x8000B2D0,0x00000000000F59BE,446,982,0,0
44,1,0x8000B2D8,0x00000000000D3BB1,945,846,0,0
44,2,0x8000B2E0,0x00000000000F59B6,438,982,0,0
44,3,0x8000B2E8,0x00000000000C19E8,488,774,0,0
44,4,0x8000B2F0,0x00000000000F5DBA,442,983,0,0
44,5,0x8000B2F8,0x00000000000A3938,312,654,0,0
44,6,0x8000B300,0x00000000000F2DD1,465,971,0,0
44,7,0x8000B308,0x00000000000A6D76,374,667,0,0
44,8,0x8000B310,0x00000000000F4DB4,436,979,0,0
44,9,0x8000B318,0x00000000000F7DFD,509,991,0,0
44,10,0x8000B320,0x00000000000F5DB4,436,983,0,0
44,11,0x8000B328,0x00000000000F7A13,531,990,0,0
44,12,0x8000B330,0x00000000000F55AE,430,981,0,0
44,13,0x8000B338,0x00000000000C4C52,82,787,0,0
45,0,0x8000B340,0x00000000000F55AD,429,981,0,0
45,1,0x8000B348,0x00000000000D5F97,919,855,0,0
45,2,0x8000B350,0x00000000000F59B6,438,982,0,0
45,3,0x8000B358,0x00000000000C2615,533,777,0,0
45,4,0x8000B360,0x00000000000F55A6,422,981,0,0
45,5,0x8000B368,0x00000000000A3140,320,652,0,0
45,6,0x8000B370,0x00000000000F4DA8,424,979,0,0
45,7,0x8000B378,0x00000000000A3D97,407,655,0,0
45,8,0x8000B380,0x00000000000F4DB4,436,979,0,0
45,9,0x8000B388,0x00000000000F8DF1,497,995,0,0
45,10,0x8000B390,0x00000000000F5DB4,436,983,0,0
45,11,0x8000B398,0x00000000000F8DF6,502,995,0,0
45,12,0x8000B3A0,0x00000000000F69A2,418,986,0,0
45,13,0x8000B3A8,0x00000000000C504F,79,788,0,0
46,0,0x8000B3B0,0x00000000000F35D3,467,973,0,0
46,1,0x8000B3B8,0x00000000000CAC1A,26,811,0,0
46,2,0x8000B3C0,0x00000000000F39E3,483,974,0,0
46,3,0x8000B3C8,0x00000000000C3E3D,573,783,0,0
46,4,0x8000B3D0,0x00000000000F35D2,466,973,0,0
46,5,0x8000B3D8,0x000000000009ED7D,381,635,0,0
46,6,0x8000B3E0,0x00000000000F29D2,466,970,0,0
46,7,0x8000B3E8,0x000000000009D1E4,484,628,0,0
46,8,0x8000B3F0,0x00000000000F3DD7,471,975,0,0
46,9,0x8000B3F8,0x00000000000F3E25,549,975,0,0
46,10,0x8000B400,0x00000000000F39CA,458,974,0,0
46,11,0x8000B408,0x00000000000F621E,542,984,0,0
46,12,0x8000B410,0x00000000000F45CE,462,977,0,0
46,13,0x8000B418,0x00000000000BE4BC,188,761,0,0
47,0,0x8000B420,0x00000000000F6DB2,434,987,0,0
47,1,0x8000B428,0x00000000000D3BAF,943,846,0,0
47,2,0x8000B430,0x00000000000F61C8,456,984,0,0
47,3,0x8000B438,0x00000000000C0E50,592,771,0,0
47,4,0x8000B440,0x00000000000F6DAE,430,987,0,0
47,5,0x8000B448,0x00000000000A5507,263,661,0,0
47,6,0x8000B450,0x00000000000EE1FE,510,952,0,0
47,7,0x8000B458,0x00000000000A359C,412,653,0,0
47,8,0x8000B460,0x00000000000F5DA8,424,983,0,0
47,9,0x8000B468,0x00000000000F5218,536,980,0,0
47,10,0x8000B470,0x00000000000F5DB4,436,983,0,0
47,11,0x8000B478,0x00000000000F6DF3,499,987,0,0
47,12,0x8000B480,0x00000000000F6DB5,437,987,0,0
47,13,0x8000B488,0x00000000000BF8AC,172,766,0,0
48,0,0x8000B490,0x00000000000F59BC,444,982,0,0
48,1,0x8000B498,0x00000000000CCBE9,1001,818,0,0
48,2,0x8000B4A0,0x00000000000F5DB5,437,983,0,0
48,3,0x8000B4A8,0x00000000000C3196,406,780,0,0
48,4,0x8000B4B0,0x00000000000F699B,411,986,0,0
48,5,0x8000B4B8,0x00000000000A4119,281,656,0,0
48,6,0x8000B4C0,0x00000000000F2DD1,465,971,0,0
48,7,0x8000B4C8,0x00000000000A29A5,421,650,0,0
48,8,0x8000B4D0,0x00000000000F5DA8,424,983,0,0
48,9,0x8000B4D8,0x00000000000F4A4E,590,978,0,0
48,10,0x8000B4E0,0x00000000000F5DB4,436,983,0,0
48,11,0x8000B4E8,0x00000000000F7603,515,989,0,0
48,12,0x8000B4F0,0x00000000000F69A2,418,986,0,0
48,13,0x8000B4F8,0x00000000000C089F,159,770,0,0
49,0,0x8000B500,0x00000000000F59BC,444,982,0,0
49,1,0x8000B508,0x00000000000CA021,33,808,0,0
49,2,0x8000B510,0x00000000000F5DB5,437,983,0,0
49,3,0x8000B518,0x00000000000C0E2D,557,771,0,0
49,4,0x8000B520,0x00000000000F699B,411,986,0,0
49,5,0x8000B528,0x000000000009E968,360,634,0,0
49,6,0x8000B530,0x00000000000F51A6,422,980,0,0
49,7,0x8000B538,0x000000000009C9EA,490,626,0,0
49,8,0x8000B540,0x00000000000F5DA8,424,983,0,0
49,9,0x8000B548,0x00000000000F6A21,545,986,0,0
49,10,0x8000B550,0x00000000000F5DB4,436,983,0,0
49,11,0x8000B558,0x00000000000F7603,515,989,0,0
49,12,0x8000B560,0x00000000000F69A2,418,986,0,0
49,13,0x8000B568,0x00000000000BDCA7,167,759,0,0
50,0,0x8000B570,0x00000000000F59BC,444,982,0,0
50,1,0x8000B578,0x00000000000D7F63,867,863,0,0
50,2,0x8000B580,0x00000000000F59B6,438,982,0,0
50,3,0x8000B588,0x00000000000C369D,669,781,0,0
50,4,0x8000B590,0x00000000000F55A6,422,981,0,0
50,5,0x8000B598,0x00000000000A353C,316,653,0,0
50,6,0x8000B5A0,0x00000000000F51BB,443,980,0,0
50,7,0x8000B5A8,0x00000000000A6D76,374,667,0,0
50,8,0x8000B5B0,0x00000000000F5DA8,424,983,0,0
50,9,0x8000B5B8,0x00000000000F8DF1,497,995,0,0
50,10,0x8000B5C0,0x00000000000F5DB4,436,983,0,0
50,11,0x8000B5C8,0x00000000000F8DF6,502,995,0,0
50,12,0x8000B5D0,0x00000000000F6DB5,437,987,0,0
50,13,0x8000B5D8,0x00000000000C4C52,82,787,0,0
51,0,0x8000B5E0,0x00000000000F45C9,457,977,0,0
51,1,0x8000B5E8,0x00000000000CDFF4,1012,823,0,0
51,2,0x8000B5F0,0x00000000000F49C2,450,978,0,0
51,3,0x8000B5F8,0x00000000000BF695,661,765,0,0
51,4,0x8000B600,0x00000000000F55A6,422,981,0,0
51,5,0x8000B608,0x00000000000A3938,312,654,0,0
51,6,0x8000B610,0x00000000000F2DD1,465,971,0,0
51,7,0x8000B618,0x00000000000A3D97,407,655,0,0
51,8,0x8000B620,0x00000000000F49B6,438,978,0,0
51,9,0x8000B628,0x00000000000F5218,536,980,0,0
51,10,0x8000B630,0x00000000000F4DBE,446,979,0,0
51,11,0x8000B638,0x00000000000F6DF3,499,987,0,0
51,12,0x8000B640,0x00000000000F55AE,430,981,0,0
51,13,0x8000B648,0x00000000000C6459,89,793,0,0
52,0,0x8000B650,0x00000000000F35D3,467,973,0,0
52,1,0x8000B658,0x00000000000D6B8D,909,858,0,0
52,2,0x8000B660,0x00000000000F39E3,483,974,0,0
52,3,0x8000B668,0x00000000000C1A2E,558,774,0,0
52,4,0x8000B670,0x00000000000F35D2,466,973,0,0
52,5,0x8000B678,0x00000000000A2D2B,299,651,0,0
52,6,0x8000B680,0x00000000000EF1F5,501,956,0,0
52,7,0x8000B688,0x00000000000A5588,392,661,0,0
52,8,0x8000B690,0x00000000000F2DE3,483,971,0,0
52,9,0x8000B698,0x00000000000F3E25,549,975,0,0
52,10,0x8000B6A0,0x00000000000F39CA,458,974,0,0
52,11,0x8000B6A8,0x00000000000F621E,542,984,0,0
52,12,0x8000B6B0,0x00000000000F45CE,462,977,0,0
52,13,0x8000B6B8,0x00000000000C2C83,131,779,0,0
53,0,0x8000B6C0,0x00000000000F6DB2,434,987,0,0
53,1,0x8000B6C8,0x00000000000CB3FA,1018,812,0,0
53,2,0x8000B6D0,0x00000000000F5DB5,437,983,0,0
53,3,0x8000B6D8,0x00000000000BFA4E,590,766,0,0
53,4,0x8000B6E0,0x00000000000F6DAE,430,987,0,0
53,5,0x8000B6E8,0x000000000009F959,345,638,0,0
53,6,0x8000B6F0,0x00000000000F69AE,430,986,0,0
53,7,0x8000B6F8,0x000000000009F1CE,462,636,0,0
53,8,0x8000B700,0x00000000000F65BD,445,985,0,0
53,9,0x8000B708,0x00000000000EF657,599,957,0,0
53,10,0x8000B710,0x00000000000F5DB4,436,983,0,0
53,11,0x8000B718,0x00000000000F661C,540,985,0,0
53,12,0x8000B720,0x00000000000F69A2,418,986,0,0
53,13,0x8000B728,0x00000000000BC8D1,209,754,0,0
54,0,0x8000B730,0x00000000000F59BC,444,982,0,0
54,1,0x8000B738,0x00000000000D17CB,971,837,0,0
54,2,0x8000B740,0x00000000000F59B6,438,982,0,0
54,3,0x8000B748,0x00000000000CB195,405,812,0,0
54,4,0x8000B750,0x00000000000F55A6,422,981,0,0
54,5,0x8000B758,0x00000000000A3906,262,654,0,0
54,6,0x8000B760,0x00000000000F05E8,488,961,0,0
54,7,0x8000B768,0x00000000000A09BE,446,642,0,0
54,8,0x8000B770,0x00000000000F5DA8,424,983,0,0
54,9,0x8000B778,0x00000000000F5218,536,980,0,0
54,10,0x8000B780,0x00000000000F59A3,419,982,0,0
54,11,0x8000B788,0x00000000000F661C,540,985,0,0
54,12,0x8000B790,0x00000000000F6DB5,437,987,0,0
54,13,0x8000B798,0x00000000000BE8B8,184,762,0,0
55,0,0x8000B7A0,0x00000000000F6DB2,434,987,0,0
55,1,0x8000B7A8,0x00000000000CDFF4,1012,823,0,0
55,2,0x8000B7B0,0x00000000000F59B6,438,982,0,0
55,3,0x8000B7B8,0x00000000000C6A32,562,794,0,0
55,4,0x8000B7C0,0x00000000000F5DBA,442,983,0,0
55,5,0x8000B7C8,0x000000000009FD6E,366,639,0,0
55,6,0x8000B7D0,0x00000000000F19DD,477,966,0,0
55,7,0x8000B7D8,0x000000000009D9E0,480,630,0,0
55,8,0x8000B7E0,0x00000000000F4DB4,436,979,0,0
55,9,0x8000B7E8,0x00000000000F6A21,545,986,0,0
55,10,0x8000B7F0,0x00000000000F5DB4,436,983,0,0
55,11,0x8000B7F8,0x00000000000F7E23,547,991,0,0
55,12,0x8000B800,0x00000000000F59C1,449,982,0,0
55,13,0x8000B808,0x00000000000BC8D1,209,754,0,0
56,0,0x8000B810,0x00000000000F45C9,457,977,0,0
56,1,0x8000B818,0x00000000000CB412,18,813,0,0
56,2,0x8000B820,0x00000000000F35CD,461,973,0,0
56,3,0x8000B828,0x00000000000C19B5,437,774,0,0
56,4,0x8000B830,0x00000000000F45C7,455,977,0,0
56,5,0x8000B838,0x00000000000A054C,332,641,0,0
56,6,0x8000B840,0x00000000000F1DF0,496,967,0,0
56,7,0x8000B848,0x000000000009CDE8,488,627,0,0
56,8,0x8000B850,0x00000000000F39C2,450,974,0,0
56,9,0x8000B858,0x00000000000F463A,570,977,0,0
56,10,0x8000B860,0x00000000000F39CA,458,974,0,0
56,11,0x8000B868,0x00000000000F621E,542,984,0,0
56,12,0x8000B870,0x00000000000F45CE,462,977,0,0
56,13,0x8000B878,0x00000000000BC8D1,209,754,0,0
57,0,0x8000B880,0x00000000000F35D3,467,973,0,0
57,1,0x8000B888,0x00000000000CD3E4,996,820,0,0
57,2,0x8000B890,0x00000000000F35CF,463,973,0,0
57,3,0x8000B898,0x00000000000C3D8F,399,783,0,0
57,4,0x8000B8A0,0x00000000000F35D2,466,973,0,0
57,5,0x8000B8A8,0x00000000000A155B,347,645,0,0
57,6,0x8000B8B0,0x00000000000F05E8,488,961,0,0
57,7,0x8000B8B8,0x00000000000A11B8,440,644,0,0
57,8,0x8000B8C0,0x00000000000F39C2,450,974,0,0
57,9,0x8000B8C8,0x00000000000F3E25,549,975,0,0
57,10,0x8000B8D0,0x00000000000F39CA,458,974,0,0
57,11,0x8000B8D8,0x00000000000F5E0E,526,983,0,0
57,12,0x8000B8E0,0x00000000000F45CE,462,977,0,0
57,13,0x8000B8E8,0x00000000000BC8D1,209,754,0,0
58,0,0x8000B8F0,0x00000000000F6DB2,434,987,0,0
58,1,0x8000B8F8,0x00000000000DD341,833,884,0,0
58,2,0x8000B900,0x00000000000F59B6,438,982,0,0
58,3,0x8000B908,0x00000000000C0209,521,768,0,0
58,4,0x8000B910,0x00000000000F6DAE,430,987,0,0
58,5,0x8000B918,0x00000000000A78E9,233,670,0,0
58,6,0x8000B920,0x00000000000E8A34,564,930,0,0
58,7,0x8000B928,0x00000000000A7D6C,364,671,0,0
58,8,0x8000B930,0x00000000000F49B6,438,978,0,0
58,9,0x8000B938,0x00000000000F6A21,545,986,0,0
58,10,0x8000B940,0x00000000000F4DBE,446,979,0,0
58,11,0x8000B948,0x00000000000F7A13,531,990,0,0
58,12,0x8000B950,0x00000000000F59C1,449,982,0,0
58,13,0x8000B958,0x00000000000C089F,159,770,0,0
59,0,0x8000B960,0x00000000000F49DA,474,978,0,0
59,1,0x8000B968,0x00000000000CB3FA,1018,812,0,0
59,2,0x8000B970,0x00000000000F35CD,461,973,0,0
59,3,0x8000B978,0x00000000000C3163,355,780,0,0
59,4,0x8000B980,0x00000000000F45C7,455,977,0,0
59,5,0x8000B988,0x000000000009E968,360,634,0,0
59,6,0x8000B990,0x00000000000F19DD,477,966,0,0
59,7,0x8000B998,0x00000000000A09BE,446,642,0,0
59,8,0x8000B9A0,0x00000000000F3DD7,471,975,0,0
59,9,0x8000B9A8,0x00000000000F562E,558,981,0,0
59,10,0x8000B9B0,0x00000000000F39CA,458,974,0,0
59,11,0x8000B9B8,0x00000000000F621E,542,984,0,0
59,12,0x8000B9C0,0x00000000000F45CE,462,977,0,0
59,13,0x8000B9C8,0x00000000000BE8D4,212,762,0,0
60,0,0x8000B9D0,0x00000000000F6DB2,434,987,0,0
60,1,0x8000B9D8,0x00000000000CB3FC,1020,812,0,0
60,2,0x8000B9E0,0x00000000000F5DB5,437,983,0,0
60,3,0x8000B9E8,0x00000000000C0DAB,427,771,0,0
60,4,0x8000B9F0,0x00000000000F6DAE,430,987,0,0
60,5,0x8000B9F8,0x00000000000A0915,277,642,0,0
60,6,0x8000BA00,0x00000000000F41C6,454,976,0,0
60,7,0x8000BA08,0x000000000009F5CA,458,637,0,0
60,8,0x8000BA10,0x00000000000F5DA8,424,983,0,0
60,9,0x8000BA18,0x00000000000F3E25,549,975,0,0
60,10,0x8000BA20,0x00000000000F5DB4,436,983,0,0
60,11,0x8000BA28,0x00000000000F7A13,531,990,0,0
60,12,0x8000BA30,0x00000000000F69A2,418,986,0,0
60,13,0x8000BA38,0x00000000000BF0B3,179,764,0,0
61,0,0x8000BA40,0x00000000000F59BC,444,982,0,0
61,1,0x8000BA48,0x00000000000D3799,921,845,0,0
61,2,0x8000BA50,0x00000000000F59B6,438,982,0,0
61,3,0x8000BA58,0x00000000000BFA08,520,766,0,0
61,4,0x8000BA60,0x00000000000F55A6,422,981,0,0
61,5,0x8000BA68,0x00000000000A252F,303,649,0,0
61,6,0x8000BA70,0x00000000000F69AE,430,986,0,0
61,7,0x8000BA78,0x00000000000A5986,390,662,0,0
61,8,0x8000BA80,0x00000000000F5DA8,424,983,0,0
61,9,0x8000BA88,0x00000000000F7DFD,509,991,0,0
61,10,0x8000BA90,0x00000000000F5DB4,436,983,0,0
61,11,0x8000BA98,0x00000000000F85F9,505,993,0,0
61,12,0x8000BAA0,0x00000000000F69A2,418,986,0,0
61,13,0x8000BAA8,0x00000000000BF8AC,172,766,0,0
62,0,0x8000BAB0,0x00000000000F6DB2,434,987,0,0
62,1,0x8000BAB8,0x00000000000CCC01,1,819,0,0
62,2,0x8000BAC0,0x00000000000F5DB5,437,983,0,0
62,3,0x8000BAC8,0x00000000000C31FD,509,780,0,0
62,4,0x8000BAD0,0x00000000000F699B,411,986,0,0
62,5,0x8000BAD8,0x000000000009E982,386,634,0,0
62,6,0x8000BAE0,0x00000000000F41C6,454,976,0,0
62,7,0x8000BAE8,0x000000000009C1EE,494,624,0,0
62,8,0x8000BAF0,0x00000000000F5DA8,424,983,0,0
62,9,0x8000BAF8,0x00000000000F7601,513,989,0,0
62,10,0x8000BB00,0x00000000000F5DB4,436,983,0,0
62,11,0x8000BB08,0x00000000000F7603,515,989,0,0
62,12,0x8000BB10,0x00000000000F6DB5,437,987,0,0
62,13,0x8000BB18,0x00000000000BE4A0,160,761,0,0
63,0,0x8000BB20,0x00000000000F59BC,444,982,0,0
63,1,0x8000BB28,0x00000000000CE7D3,979,825,0,0
63,2,0x8000BB30,0x00000000000F55A3,419,981,0,0
63,3,0x8000BB38,0x00000000000C01F7,503,768,0,0
63,4,0x8000BB40,0x00000000000F55A6,422,981,0,0
63,5,0x8000BB48,0x000000000009F179,377,636,0,0
63,6,0x8000BB50,0x00000000000F51BB,443,980,0,0
63,7,0x8000BB58,0x00000000000A1DB0,432,647,0,0
63,8,0x8000BB60,0x00000000000F4DB4,436,979,0,0
63,9,0x8000BB68,0x00000000000F7601,513,989,0,0
63,10,0x8000BB70,0x00000000000F5DB4,436,983,0,0
63,11,0x8000BB78,0x00000000000F7A13,531,990,0,0
63,12,0x8000BB80,0x00000000000F6DB5,437,987,0,0
63,13,0x8000BB88,0x00000000000BA0D6,214,744,0,0
64,0,0x8000BB90,0x00000000000F45C9,457,977,0,0
64,1,0x8000BB98,0x00000000000D2FB9,953,843,0,0
64,2,0x8000BBA0,0x00000000000F35CD,461,973,0,0
64,3,0x8000BBA8,0x00000000000BFA22,546,766,0,0
64,4,0x8000BBB0,0x00000000000F45C7,455,977,0,0
64,5,0x8000BBB8,0x000000000009F959,345,638,0,0
64,6,0x8000BBC0,0x00000000000EF1F5,501,956,0,0
64,7,0x8000BBC8,0x00000000000A359C,412,653,0,0
64,8,0x8000BBD0,0x00000000000F3DD7,471,975,0,0
64,9,0x8000BBD8,0x00000000000F660C,524,985,0,0
64,10,0x8000BBE0,0x00000000000F39CA,458,974,0,0
64,11,0x8000BBE8,0x00000000000F5E0E,526,983,0,0
64,12,0x8000BBF0,0x00000000000F45CE,462,977,0,0
64,13,0x8000BBF8,0x00000000000BECD0,208,763,0,0
65,0,0x8000BC00,0x00000000000F59BE,446,982,0,0
65,1,0x8000BC08,0x00000000000D47A8,936,849,0,0
65,2,0x8000BC10,0x00000000000F49C2,450,978,0,0
65,3,0x8000BC18,0x00000000000C0E24,548,771,0,0
65,4,0x8000BC20,0x00000000000F45C7,455,977,0,0
65,5,0x8000BC28,0x00000000000A2518,280,649,0,0
65,6,0x8000BC30,0x00000000000F01EA,490,960,0,0
65,7,0x8000BC38,0x00000000000A7D6C,364,671,0,0
65,8,0x8000BC40,0x00000000000F3DD7,471,975,0,0
65,9,0x8000BC48,0x00000000000F7601,513,989,0,0
65,10,0x8000BC50,0x00000000000F49C0,448,978,0,0
65,11,0x8000BC58,0x00000000000F7603,515,989,0,0
65,12,0x8000BC60,0x00000000000F49CC,460,978,0,0
65,13,0x8000BC68,0x00000000000BFCA8,168,767,0,0
66,0,0x8000BC70,0x00000000000F59BC,444,982,0,0
66,1,0x8000BC78,0x00000000000CF7E4,996,829,0,0
66,2,0x8000BC80,0x00000000000F5DB5,437,983,0,0
66,3,0x8000BC88,0x00000000000BF9DC,476,766,0,0
66,4,0x8000BC90,0x00000000000F5DBA,442,983,0,0
66,5,0x8000BC98,0x00000000000A4515,277,657,0,0
66,6,0x8000BCA0,0x00000000000F19DD,477,966,0,0
66,7,0x8000BCA8,0x00000000000A09BE,446,642,0,0
66,8,0x8000BCB0,0x00000000000F65BD,445,985,0,0
66,9,0x8000BCB8,0x00000000000F5218,536,980,0,0
66,10,0x8000BCC0,0x00000000000F59A3,419,982,0,0
66,11,0x8000BCC8,0x00000000000F661C,540,985,0,0
66,12,0x8000BCD0,0x00000000000F6DB5,437,987,0,0
66,13,0x8000BCD8,0x00000000000BE4BC,188,761,0,0
67,0,0x8000BCE0,0x00000000000F59BC,444,982,0,0
67,1,0x8000BCE8,0x00000000000CC00B,11,816,0,0
67,2,0x8000BCF0,0x00000000000F5DB5,437,983,0,0
67,3,0x8000BCF8,0x00000000000BEE3B,571,763,0,0
67,4,0x8000BD00,0x00000000000F699B,411,986,0,0
67,5,0x8000BD08,0x000000000009E56A,362,633,0,0
67,6,0x8000BD10,0x00000000000F55B9,441,981,0,0
67,7,0x8000BD18,0x000000000009C209,521,624,0,0
67,8,0x8000BD20,0x00000000000F5DA8,424,983,0,0
67,9,0x8000BD28,0x00000000000F7A15,533,990,0,0
67,10,0x8000BD30,0x00000000000F59A3,419,982,0,0
67,11,0x8000BD38,0x00000000000F6DF3,499,987,0,0
67,12,0x8000BD40,0x00000000000F69A2,418,986,0,0
67,13,0x8000BD48,0x00000000000BE0A4,164,760,0,0
68,0,0x8000BD50,0x00000000000F35D3,467,973,0,0
68,1,0x8000BD58,0x00000000000D4B89,905,850,0,0
68,2,0x8000BD60,0x00000000000F3DE1,481,975,0,0
68,3,0x8000BD68,0x00000000000C0E62,610,771,0,0
68,4,0x8000BD70,0x00000000000F41B3,435,976,0,0
68,5,0x8000BD78,0x00000000000A3D01,257,655,0,0
68,6,0x8000BD80,0x00000000000F29D2,466,970,0,0
68,7,0x8000BD88,0x00000000000A29A5,421,650,0,0
68,8,0x8000BD90,0x00000000000F3DD7,471,975,0,0
68,9,0x8000BD98,0x00000000000F3E25,549,975,0,0
68,10,0x8000BDA0,0x00000000000F39CA,458,974,0,0
68,11,0x8000BDA8,0x00000000000F621E,542,984,0,0
68,12,0x8000BDB0,0x00000000000F49CC,460,978,0,0
68,13,0x8000BDB8,0x00000000000BF890,144,766,0,0
69,0,0x8000BDC0,0x00000000000F6DB2,434,987,0,0
69,1,0x8000BDC8,0x00000000000D2FB9,953,843,0,0
69,2,0x8000BDD0,0x00000000000F59B6,438,982,0,0
69,3,0x8000BDD8,0x00000000000C3270,624,780,0,0
69,4,0x8000BDE0,0x00000000000F6DAE,430,987,0,0
69,5,0x8000BDE8,0x00000000000A0966,358,642,0,0
69,6,0x8000BDF0,0x00000000000F19DD,477,966,0,0
69,7,0x8000BDF8,0x000000000009EDCF,463,635,0,0
69,8,0x8000BE00,0x00000000000F51CB,459,980,0,0
69,9,0x8000BE08,0x00000000000F660C,524,985,0,0
69,10,0x8000BE10,0x00000000000F4DBE,446,979,0,0
69,11,0x8000BE18,0x00000000000F7603,515,989,0,0
69,12,0x8000BE20,0x00000000000F59C1,449,982,0,0
69,13,0x8000BE28,0x00000000000BB8DD,221,750,0,0
70,0,0x8000BE30,0x00000000000F45C9,457,977,0,0
70,1,0x8000BE38,0x00000000000CEBEB,1003,826,0,0
70,2,0x8000BE40,0x00000000000F49C2,450,978,0,0
70,3,0x8000BE48,0x00000000000C19E8,488,774,0,0
70,4,0x8000BE50,0x00000000000F55A6,422,981,0,0
70,5,0x8000BE58,0x00000000000A4D2A,298,659,0,0
70,6,0x8000BE60,0x00000000000F41C6,454,976,0,0
70,7,0x8000BE68,0x00000000000A3D97,407,655,0,0
70,8,0x8000BE70,0x00000000000F49B6,438,978,0,0
70,9,0x8000BE78,0x00000000000F5218,536,980,0,0
70,10,0x8000BE80,0x00000000000F49AD,429,978,0,0
70,11,0x8000BE88,0x00000000000F69E3,483,986,0,0
70,12,0x8000BE90,0x00000000000F55AE,430,981,0,0
70,13,0x8000BE98,0x00000000000CC412,18,817,0,0
71,0,0x8000BEA0,0x00000000000F45C9,457,977,0,0
71,1,0x8000BEA8,0x00000000000D2FB9,953,843,0,0
71,2,0x8000BEB0,0x00000000000F35CD,461,973,0,0
71,3,0x8000BEB8,0x00000000000C194F,335,774,0,0
71,4,0x8000BEC0,0x00000000000F45C7,455,977,0,0
71,5,0x8000BEC8,0x000000000009F575,373,637,0,0
71,6,0x8000BED0,0x00000000000EE1FE,510,952,0,0
71,7,0x8000BED8,0x00000000000A1DAE,430,647,0,0
71,8,0x8000BEE0,0x00000000000F3DD7,471,975,0,0
71,9,0x8000BEE8,0x00000000000F660C,524,985,0,0
71,10,0x8000BEF0,0x00000000000F39CA,458,974,0,0
71,11,0x8000BEF8,0x00000000000F621E,542,984,0,0
71,12,0x8000BF00,0x00000000000F45CE,462,977,0,0
71,13,0x8000BF08,0x00000000000BC0F0,240,752,0,0
72,0,0x8000BF10,0x00000000000F45C9,457,977,0,0
72,1,0x8000BF18,0x00000000000D6776,886,857,0,0
72,2,0x8000BF20,0x00000000000F49C2,450,978,0,0
72,3,0x8000BF28,0x00000000000C3DB1,433,783,0,0
72,4,0x8000BF30,0x00000000000F45B1,433,977,0,0
72,5,0x8000BF38,0x00000000000A4D2A,298,659,0,0
72,6,0x8000BF40,0x00000000000F41C6,454,976,0,0
72,7,0x8000BF48,0x00000000000A3D97,407,655,0,0
72,8,0x8000BF50,0x00000000000F39C2,450,974,0,0
72,9,0x8000BF58,0x00000000000F562E,558,981,0,0
72,10,0x8000BF60,0x00000000000F49C0,448,978,0,0
72,11,0x8000BF68,0x00000000000F661C,540,985,0,0
72,12,0x8000BF70,0x00000000000F59C1,449,982,0,0
72,13,0x8000BF78,0x00000000000B6D17,279,731,0,0
73,0,0x8000BF80,0x00000000000F59BC,444,982,0,0
73,1,0x8000BF88,0x00000000000D2BA1,929,842,0,0
73,2,0x8000BF90,0x00000000000F5DB5,437,983,0,0
73,3,0x8000BF98,0x00000000000C19E8,488,774,0,0
73,4,0x8000BFA0,0x00000000000F5DBA,442,983,0,0
73,5,0x8000BFA8,0x00000000000A3D1B,283,655,0,0
73,6,0x8000BFB0,0x00000000000EF1F5,501,956,0,0
73,7,0x8000BFB8,0x00000000000A3D97,407,655,0,0
73,8,0x8000BFC0,0x00000000000F65BD,445,985,0,0
73,9,0x8000BFC8,0x00000000000F6623,547,985,0,0
73,10,0x8000BFD0,0x00000000000F5DB4,436,983,0,0
73,11,0x8000BFD8,0x00000000000F620C,524,984,0,0
73,12,0x8000BFE0,0x00000000000F6DB5,437,987,0,0
73,13,0x8000BFE8,0x00000000000BF890,144,766,0,0
74,0,0x8000BFF0,0x00000000000F59BC,444,982,0,0
74,1,0x8000BFF8,0x00000000000CF7E4,996,829,0,0
74,2,0x8000C000,0x00000000000F5DB5,437,983,0,0
74,3,0x8000C008,0x00000000000C01C3,451,768,0,0
74,4,0x8000C010,0x00000000000F699B,411,986,0,0
74,5,0x8000C018,0x00000000000A214E,334,648,0,0
74,6,0x8000C020,0x00000000000F55B9,441,981,0,0
74,7,0x8000C028,0x00000000000A657C,380,665,0,0
74,8,0x8000C030,0x00000000000F5DA8,424,983,0,0
74,9,0x8000C038,0x00000000000F5218,536,980,0,0
74,10,0x8000C040,0x00000000000F5DB4,436,983,0,0
74,11,0x8000C048,0x00000000000F7A13,531,990,0,0
74,12,0x8000C050,0x00000000000F69A2,418,986,0,0
74,13,0x8000C058,0x00000000000C1C78,120,775,0,0
75,0,0x8000C060,0x00000000000F59BC,444,982,0,0
75,1,0x8000C068,0x00000000000CB414,20,813,0,0
75,2,0x8000C070,0x00000000000F59B6,438,982,0,0
75,3,0x8000C078,0x00000000000BEE2A,554,763,0,0
75,4,0x8000C080,0x00000000000F55A6,422,981,0,0
75,5,0x8000C088,0x000000000009E968,360,634,0,0
75,6,0x8000C090,0x00000000000F51BB,443,980,0,0
75,7,0x8000C098,0x000000000009F5CA,458,637,0,0
75,8,0x8000C0A0,0x00000000000F5DA8,424,983,0,0
75,9,0x8000C0A8,0x00000000000F660C,524,985,0,0
75,10,0x8000C0B0,0x00000000000F59A3,419,982,0,0
75,11,0x8000C0B8,0x00000000000F7A13,531,990,0,0
75,12,0x8000C0C0,0x00000000000F6DB5,437,987,0,0
75,13,0x8000C0C8,0x00000000000BF097,151,764,0,0
76,0,0x8000C0D0,0x00000000000F45C9,457,977,0,0
76,1,0x8000C0D8,0x00000000000CBFF2,1010,815,0,0
76,2,0x8000C0E0,0x00000000000F35CD,461,973,0,0
76,3,0x8000C0E8,0x00000000000BF9BA,442,766,0,0
76,4,0x8000C0F0,0x00000000000F45C7,455,977,0,0
76,5,0x8000C0F8,0x00000000000A0137,311,640,0,0
76,6,0x8000C100,0x00000000000EC229,553,944,0,0
76,7,0x8000C108,0x000000000009DDDA,474,631,0,0
76,8,0x8000C110,0x00000000000F3DD7,471,975,0,0
76,9,0x8000C118,0x00000000000F463A,570,977,0,0
76,10,0x8000C120,0x00000000000F31B9,441,972,0,0
76,11,0x8000C128,0x00000000000F5E0E,526,983,0,0
76,12,0x8000C130,0x00000000000F49CC,460,978,0,0
76,13,0x8000C138,0x00000000000C089F,159,770,0,0
77,0,0x8000C140,0x00000000000F35D3,467,973,0,0
77,1,0x8000C148,0x00000000000CC803,3,818,0,0
77,2,0x8000C150,0x00000000000F39E3,483,974,0,0
77,3,0x8000C158,0x00000000000C1981,385,774,0,0
77,4,0x8000C160,0x00000000000F35D2,466,973,0,0
77,5,0x8000C168,0x00000000000A1141,321,644,0,0
77,6,0x8000C170,0x00000000000F05E8,488,961,0,0
77,7,0x8000C178,0x00000000000A09D7,471,642,0,0
77,8,0x8000C180,0x00000000000F39C2,450,974,0,0
77,9,0x8000C188,0x00000000000F463A,570,977,0,0
77,10,0x8000C190,0x00000000000F39CA,458,974,0,0
77,11,0x8000C198,0x00000000000F59FE,510,982,0,0
77,12,0x8000C1A0,0x00000000000F45CE,462,977,0,0
77,13,0x8000C1A8,0x00000000000BC8D1,209,754,0,0
78,0,0x8000C1B0,0x00000000000F59BE,446,982,0,0
78,1,0x8000C1B8,0x00000000000D47A8,936,849,0,0
78,2,0x8000C1C0,0x00000000000F61CA,458,984,0,0
78,3,0x8000C1C8,0x00000000000C19D7,471,774,0,0
78,4,0x8000C1D0,0x00000000000F55A6,422,981,0,0
78,5,0x8000C1D8,0x00000000000A5124,292,660,0,0
78,6,0x8000C1E0,0x00000000000ECE0B,523,947,0,0
78,7,0x8000C1E8,0x00000000000A5587,391,661,0,0
78,8,0x8000C1F0,0x00000000000F51C9,457,980,0,0
78,9,0x8000C1F8,0x00000000000F6A21,545,986,0,0
78,10,0x8000C200,0x00000000000F4DBE,446,979,0,0
78,11,0x8000C208,0x00000000000F7603,515,989,0,0
78,12,0x8000C210,0x00000000000F59C1,449,982,0,0
78,13,0x8000C218,0x00000000000C147D,125,773,0,0
79,0,0x8000C220,0x00000000000F45C9,457,977,0,0
79,1,0x8000C228,0x00000000000D23C2,962,840,0,0
79,2,0x8000C230,0x00000000000F49C2,450,978,0,0
79,3,0x8000C238,0x00000000000C3DD4,468,783,0,0
79,4,0x8000C240,0x00000000000F5DBA,442,983,0,0
79,5,0x8000C248,0x00000000000A5126,294,660,0,0
79,6,0x8000C250,0x00000000000F41C6,454,976,0,0
79,7,0x8000C258,0x00000000000A6D76,374,667,0,0
79,8,0x8000C260,0x00000000000F51C9,457,980,0,0
79,9,0x8000C268,0x00000000000F5218,536,980,0,0
79,10,0x8000C270,0x00000000000F4DBE,446,979,0,0
79,11,0x8000C278,0x00000000000F7603,515,989,0,0
79,12,0x8000C280,0x00000000000F59C1,449,982,0,0
79,13,0x8000C288,0x00000000000C3068,104,780,0,0
80,0,0x8000C290,0x00000000000F45C9,457,977,0,0
80,1,0x8000C298,0x00000000000D2FB9,953,843,0,0
80,2,0x8000C2A0,0x00000000000F4DD5,469,979,0,0
80,3,0x8000C2A8,0x00000000000BFA33,563,766,0,0
80,4,0x8000C2B0,0x00000000000F5DBA,442,983,0,0
80,5,0x8000C2B8,0x00000000000A1971,369,646,0,0
80,6,0x8000C2C0,0x00000000000F01EA,490,960,0,0
80,7,0x8000C2C8,0x00000000000A7571,369,669,0,0
80,8,0x8000C2D0,0x00000000000F3DD7,471,975,0,0
80,9,0x8000C2D8,0x00000000000F6A21,545,986,0,0
80,10,0x8000C2E0,0x00000000000F49C0,448,978,0,0
80,11,0x8000C2E8,0x00000000000F69E3,483,986,0,0
80,12,0x8000C2F0,0x00000000000F55C3,451,981,0,0
80,13,0x8000C2F8,0x00000000000C00A5,165,768,0,0
81,0,0x8000C300,0x00000000000F6DB2,434,987,0,0
81,1,0x8000C308,0x00000000000D23C2,962,840,0,0
81,2,0x8000C310,0x00000000000F59B6,438,982,0,0
81,3,0x8000C318,0x00000000000C0EA9,681,771,0,0
81,4,0x8000C320,0x00000000000F6DAE,430,987,0,0
81,5,0x8000C328,0x00000000000A1179,377,644,0,0
81,6,0x8000C330,0x00000000000EF608,520,957,0,0
81,7,0x8000C338,0x00000000000A29A6,422,650,0,0
81,8,0x8000C340,0x00000000000F51CB,459,980,0,0
81,9,0x8000C348,0x00000000000F6A21,545,986,0,0
81,10,0x8000C350,0x00000000000F4DBE,446,979,0,0
81,11,0x8000C358,0x00000000000F7A13,531,990,0,0
81,12,0x8000C360,0x00000000000F59C1,449,982,0,0
81,13,0x8000C368,0x00000000000BF0B3,179,764,0,0
82,0,0x8000C370,0x00000000000F31D5,469,972,0,0
82,1,0x8000C378,0x00000000000D7784,900,861,0,0
82,2,0x8000C380,0x00000000000F3DE1,481,975,0,0
82,3,0x8000C388,0x00000000000C320F,527,780,0,0
82,4,0x8000C390,0x00000000000F45C7,455,977,0,0
82,5,0x8000C398,0x00000000000A5939,313,662,0,0
82,6,0x8000C3A0,0x00000000000EF608,520,957,0,0
82,7,0x8000C3A8,0x00000000000A657C,380,665,0,0
82,8,0x8000C3B0,0x00000000000F3DD7,471,975,0,0
82,9,0x8000C3B8,0x00000000000F3E25,549,975,0,0
82,10,0x8000C3C0,0x00000000000F39CA,458,974,0,0
82,11,0x8000C3C8,0x00000000000F5E0E,526,983,0,0
82,12,0x8000C3D0,0x00000000000F45CE,462,977,0,0
82,13,0x8000C3D8,0x00000000000C5862,98,790,0,0
83,0,0x8000C3E0,0x00000000000F59BC,444,982,0,0
83,1,0x8000C3E8,0x00000000000D4FA0,928,851,0,0
83,2,0x8000C3F0,0x00000000000F5DB5,437,983,0,0
83,3,0x8000C3F8,0x00000000000C320F,527,780,0,0
83,4,0x8000C400,0x00000000000F699B,411,986,0,0
83,5,0x8000C408,0x00000000000A193D,317,646,0,0
83,6,0x8000C410,0x00000000000F51BB,443,980,0,0
83,7,0x8000C418,0x00000000000A15B4,436,645,0,0
83,8,0x8000C420,0x00000000000F65BD,445,985,0,0
83,9,0x8000C428,0x00000000000F5218,536,980,0,0
83,10,0x8000C430,0x00000000000F59A3,419,982,0,0
83,11,0x8000C438,0x00000000000F7603,515,989,0,0
83,12,0x8000C440,0x00000000000F69A2,418,986,0,0
83,13,0x8000C448,0x00000000000C1080,128,772,0,0
84,0,0x8000C450,0x00000000000F59BC,444,982,0,0
84,1,0x8000C458,0x00000000000CB414,20,813,0,0
84,2,0x8000C460,0x00000000000F5DB5,437,983,0,0
84,3,0x8000C468,0x00000000000BFA2B,555,766,0,0
84,4,0x8000C470,0x00000000000F55A6,422,981,0,0
84,5,0x8000C478,0x000000000009FD55,341,639,0,0
84,6,0x8000C480,0x00000000000F55B9,441,981,0,0
84,7,0x8000C488,0x000000000009C1EE,494,624,0,0
84,8,0x8000C490,0x00000000000F5DA8,424,983,0,0
84,9,0x8000C498,0x00000000000F6A21,545,986,0,0
84,10,0x8000C4A0,0x00000000000F59A3,419,982,0,0
84,11,0x8000C4A8,0x00000000000F6DF3,499,987,0,0
84,12,0x8000C4B0,0x00000000000F69A2,418,986,0,0
84,13,0x8000C4B8,0x00000000000BFCA8,168,767,0,0
85,0,0x8000C4C0,0x00000000000F59BC,444,982,0,0
85,1,0x8000C4C8,0x00000000000D47A8,936,849,0,0
85,2,0x8000C4D0,0x00000000000F5DB5,437,983,0,0
85,3,0x8000C4D8,0x00000000000C4956,342,786,0,0
85,4,0x8000C4E0,0x00000000000F699B,411,986,0,0
85,5,0x8000C4E8,0x00000000000A292D,301,650,0,0
85,6,0x8000C4F0,0x00000000000F41C6,454,976,0,0
85,7,0x8000C4F8,0x00000000000A657C,380,665,0,0
85,8,0x8000C500,0x00000000000F5DA8,424,983,0,0
85,9,0x8000C508,0x00000000000F7601,513,989,0,0
85,10,0x8000C510,0x00000000000F5DB4,436,983,0,0
85,11,0x8000C518,0x00000000000F7603,515,989,0,0
85,12,0x8000C520,0x00000000000F69A2,418,986,0,0
85,13,0x8000C528,0x00000000000C1098,152,772,0,0
86,0,0x8000C530,0x00000000000F6DB2,434,987,0,0
86,1,0x8000C538,0x00000000000CBFF2,1010,815,0,0
86,2,0x8000C540,0x00000000000F5DB5,437,983,0,0
86,3,0x8000C548,0x00000000000C0E62,610,771,0,0
86,4,0x8000C550,0x00000000000F6DAE,430,987,0,0
86,5,0x8000C558,0x00000000000A193D,317,646,0,0
86,6,0x8000C560,0x00000000000F55B9,441,981,0,0
86,7,0x8000C568,0x000000000009D1FE,510,628,0,0
86,8,0x8000C570,0x00000000000F5DA8,424,983,0,0
86,9,0x8000C578,0x00000000000F0A60,608,962,0,0
86,10,0x8000C580,0x00000000000F5DB4,436,983,0,0
86,11,0x8000C588,0x00000000000F7603,515,989,0,0
86,12,0x8000C590,0x00000000000F69A2,418,986,0,0
86,13,0x8000C598,0x00000000000BE8B8,184,762,0,0
87,0,0x8000C5A0,0x00000000000F45C9,457,977,0,0
87,1,0x8000C5A8,0x00000000000DA746,838,873,0,0
87,2,0x8000C5B0,0x00000000000F3DE1,481,975,0,0
87,3,0x8000C5B8,0x00000000000C194F,335,774,0,0
87,4,0x8000C5C0,0x00000000000F45C7,455,977,0,0
87,5,0x8000C5C8,0x00000000000A353C,316,653,0,0
87,6,0x8000C5D0,0x00000000000F01EA,490,960,0,0
87,7,0x8000C5D8,0x00000000000A657C,380,665,0,0
87,8,0x8000C5E0,0x00000000000F3DD7,471,975,0,0
87,9,0x8000C5E8,0x00000000000F6A21,545,986,0,0
87,10,0x8000C5F0,0x00000000000F39CA,458,974,0,0
87,11,0x8000C5F8,0x00000000000F59ED,493,982,0,0
87,12,0x8000C600,0x00000000000F45CE,462,977,0,0
87,13,0x8000C608,0x00000000000C2C83,131,779,0,0
88,0,0x8000C610,0x00000000000F45C9,457,977,0,0
88,1,0x8000C618,0x00000000000D2BA1,929,842,0,0
88,2,0x8000C620,0x00000000000F4DD5,469,979,0,0
88,3,0x8000C628,0x00000000000BFA19,537,766,0,0
88,4,0x8000C630,0x00000000000F45C7,455,977,0,0
88,5,0x8000C638,0x00000000000A2135,309,648,0,0
88,6,0x8000C640,0x00000000000EF1F5,501,956,0,0
88,7,0x8000C648,0x00000000000A9959,345,678,0,0
88,8,0x8000C650,0x00000000000F51CB,459,980,0,0
88,9,0x8000C658,0x00000000000F7601,513,989,0,0
88,10,0x8000C660,0x00000000000F49C0,448,978,0,0
88,11,0x8000C668,0x00000000000F7603,515,989,0,0
88,12,0x8000C670,0x00000000000F49CC,460,978,0,0
88,13,0x8000C678,0x00000000000BF8AC,172,766,0,0
89,0,0x8000C680,0x00000000000F59BC,444,982,0,0
89,1,0x8000C688,0x00000000000D07BB,955,833,0,0
89,2,0x8000C690,0x00000000000F59B6,438,982,0,0
89,3,0x8000C698,0x00000000000C25E1,481,777,0,0
89,4,0x8000C6A0,0x00000000000F55A6,422,981,0,0
89,5,0x8000C6A8,0x000000000009ED63,355,635,0,0
89,6,0x8000C6B0,0x00000000000F51BB,443,980,0,0
89,7,0x8000C6B8,0x000000000009FDC6,454,639,0,0
89,8,0x8000C6C0,0x00000000000F4DB4,436,979,0,0
89,9,0x8000C6C8,0x00000000000F7601,513,989,0,0
89,10,0x8000C6D0,0x00000000000F5DB4,436,983,0,0
89,11,0x8000C6D8,0x00000000000F7603,515,989,0,0
89,12,0x8000C6E0,0x00000000000F69A2,418,986,0,0
89,13,0x8000C6E8,0x00000000000B413B,315,720,0,0
90,0,0x8000C6F0,0x00000000000F59BC,444,982,0,0
90,1,0x8000C6F8,0x00000000000D17CB,971,837,0,0
90,2,0x8000C700,0x00000000000F59B6,438,982,0,0
90,3,0x8000C708,0x00000000000C01C3,451,768,0,0
90,4,0x8000C710,0x00000000000F55A6,422,981,0,0
90,5,0x8000C718,0x00000000000A4515,277,657,0,0
90,6,0x8000C720,0x00000000000F05E8,488,961,0,0
90,7,0x8000C728,0x00000000000A0DB9,441,643,0,0
90,8,0x8000C730,0x00000000000F5DA8,424,983,0,0
90,9,0x8000C738,0x00000000000F6623,547,985,0,0
90,10,0x8000C740,0x00000000000F5DB4,436,983,0,0
90,11,0x8000C748,0x00000000000F620C,524,984,0,0
90,12,0x8000C750,0x00000000000F6DB5,437,987,0,0
90,13,0x8000C758,0x00000000000BD8C3,195,758,0,0
91,0,0x8000C760,0x00000000000F45C9,457,977,0,0
91,1,0x8000C768,0x00000000000D07BB,955,833,0,0
91,2,0x8000C770,0x00000000000F49C2,450,978,0,0
91,3,0x8000C778,0x00000000000C25AE,430,777,0,0
91,4,0x8000C780,0x00000000000F5DBA,442,983,0,0
91,5,0x8000C788,0x00000000000A452E,302,657,0,0
91,6,0x8000C790,0x00000000000F41C6,454,976,0,0
91,7,0x8000C798,0x00000000000A45AD,429,657,0,0
91,8,0x8000C7A0,0x00000000000F4DB4,436,979,0,0
91,9,0x8000C7A8,0x00000000000F5218,536,980,0,0
91,10,0x8000C7B0,0x00000000000F4DBE,446,979,0,0
91,11,0x8000C7B8,0x00000000000F7603,515,989,0,0
91,12,0x8000C7C0,0x00000000000F59C1,449,982,0,0
91,13,0x8000C7C8,0x00000000000C4076,118,784,0,0
92,0,0x8000C7D0,0x00000000000F6DB2,434,987,0,0
92,1,0x8000C7D8,0x00000000000D03DA,986,832,0,0
92,2,0x8000C7E0,0x00000000000F59B6,438,982,0,0
92,3,0x8000C7E8,0x00000000000C4E51,593,787,0,0
92,4,0x8000C7F0,0x00000000000F5DBA,442,983,0,0
92,5,0x8000C7F8,0x00000000000A016A,362,640,0,0
92,6,0x8000C800,0x00000000000F29BE,446,970,0,0
92,7,0x8000C808,0x000000000009D5FA,506,629,0,0
92,8,0x8000C810,0x00000000000F51C9,457,980,0,0
92,9,0x8000C818,0x00000000000F660C,524,985,0,0
92,10,0x8000C820,0x00000000000F5DB4,436,983,0,0
92,11,0x8000C828,0x00000000000F6DF3,499,987,0,0
92,12,0x8000C830,0x00000000000F6DB5,437,987,0,0
92,13,0x8000C838,0x00000000000BC8D1,209,754,0,0
93,0,0x8000C840,0x00000000000F45C9,457,977,0,0
93,1,0x8000C848,0x00000000000D23C2,962,840,0,0
93,2,0x8000C850,0x00000000000F49C2,450,978,0,0
93,3,0x8000C858,0x00000000000C59FB,507,790,0,0
93,4,0x8000C860,0x00000000000F45C7,455,977,0,0
93,5,0x8000C868,0x00000000000A4515,277,657,0,0
93,6,0x8000C870,0x00000000000F01EA,490,960,0,0
93,7,0x8000C878,0x00000000000A8564,356,673,0,0
93,8,0x8000C880,0x00000000000F3DD7,471,975,0,0
93,9,0x8000C888,0x00000000000F7601,513,989,0,0
93,10,0x8000C890,0x00000000000F49C0,448,978,0,0
93,11,0x8000C898,0x00000000000F7603,515,989,0,0
93,12,0x8000C8A0,0x00000000000F49CC,460,978,0,0
93,13,0x8000C8A8,0x00000000000C5466,102,789,0,0
94,0,0x8000C8B0,0x00000000000F6DB2,434,987,0,0
94,1,0x8000C8B8,0x00000000000CD7FC,1020,821,0,0
94,2,0x8000C8C0,0x00000000000F71A9,425,988,0,0
94,3,0x8000C8C8,0x00000000000C4E0A,522,787,0,0
94,4,0x8000C8D0,0x00000000000F6DAE,430,987,0,0
94,5,0x8000C8D8,0x00000000000A193D,317,646,0,0
94,6,0x8000C8E0,0x00000000000F51BB,443,980,0,0
94,7,0x8000C8E8,0x00000000000A758B,395,669,0,0
94,8,0x8000C8F0,0x00000000000F65BD,445,985,0,0
94,9,0x8000C8F8,0x00000000000F5A2C,556,982,0,0
94,10,0x8000C900,0x00000000000F5DB4,436,983,0,0
94,11,0x8000C908,0x00000000000F7603,515,989,0,0
94,12,0x8000C910,0x00000000000F6DB5,437,987,0,0
94,13,0x8000C918,0x00000000000C1C8F,143,775,0,0
95,0,0x8000C920,0x00000000000F59BC,444,982,0,0
95,1,0x8000C928,0x00000000000CB414,20,813,0,0
95,2,0x8000C930,0x00000000000F5DB5,437,983,0,0
95,3,0x8000C938,0x00000000000C022C,556,768,0,0
95,4,0x8000C940,0x00000000000F699B,411,986,0,0
95,5,0x8000C948,0x000000000009FD3B,315,639,0,0
95,6,0x8000C950,0x00000000000F55B9,441,981,0,0
95,7,0x8000C958,0x000000000009BDF2,498,623,0,0
95,8,0x8000C960,0x00000000000F5DA8,424,983,0,0
95,9,0x8000C968,0x00000000000F5218,536,980,0,0
95,10,0x8000C970,0x00000000000F5DB4,436,983,0,0
95,11,0x8000C978,0x00000000000F7A13,531,990,0,0
95,12,0x8000C980,0x00000000000F6DB5,437,987,0,0
95,13,0x8000C988,0x00000000000BD8C3,195,758,0,0
96,0,0x8000C990,0x00000000000F59BC,444,982,0,0
96,1,0x8000C998,0x00000000000CCC01,1,819,0,0
96,2,0x8000C9A0,0x00000000000F5DB5,437,983,0,0
96,3,0x8000C9A8,0x00000000000C1A0B,523,774,0,0
96,4,0x8000C9B0,0x00000000000F699B,411,986,0,0
96,5,0x8000C9B8,0x000000000009E968,360,634,0,0
96,6,0x8000C9C0,0x00000000000F55B9,441,981,0,0
96,7,0x8000C9C8,0x000000000009FDC6,454,639,0,0
96,8,0x8000C9D0,0x00000000000F5DA8,424,983,0,0
96,9,0x8000C9D8,0x00000000000F7601,513,989,0,0
96,10,0x8000C9E0,0x00000000000F5DB4,436,983,0,0
96,11,0x8000C9E8,0x00000000000F7603,515,989,0,0
96,12,0x8000C9F0,0x00000000000F6DB5,437,987,0,0
96,13,0x8000C9F8,0x00000000000BF097,151,764,0,0
97,0,0x8000CA00,0x00000000000F59BC,444,982,0,0
97,1,0x8000CA08,0x00000000000CFFC2,962,831,0,0
97,2,0x8000CA10,0x00000000000F59B6,438,982,0,0
97,3,0x8000CA18,0x00000000000C3D4B,331,783,0,0
97,4,0x8000CA20,0x00000000000F55A6,422,981,0,0
97,5,0x8000CA28,0x000000000009E968,360,634,0,0
97,6,0x8000CA30,0x00000000000F51A6,422,980,0,0
97,7,0x8000CA38,0x00000000000A0DB9,441,643,0,0
97,8,0x8000CA40,0x00000000000F5DA8,424,983,0,0
97,9,0x8000CA48,0x00000000000F7A15,533,990,0,0
97,10,0x8000CA50,0x00000000000F59A3,419,982,0,0
97,11,0x8000CA58,0x00000000000F7A13,531,990,0,0
97,12,0x8000CA60,0x00000000000F69A2,418,986,0,0
97,13,0x8000CA68,0x00000000000BD8C3,195,758,0,0
98,0,0x8000CA70,0x00000000000F31D5,469,972,0,0
98,1,0x8000CA78,0x00000000000D9371,881,868,0,0
98,2,0x8000CA80,0x00000000000F39E3,483,974,0,0
98,3,0x8000CA88,0x00000000000C0246,582,768,0,0
98,4,0x8000CA90,0x00000000000F35D2,466,973,0,0
98,5,0x8000CA98,0x00000000000A5126,294,660,0,0
98,6,0x8000CAA0,0x00000000000EF1F5,501,956,0,0
98,7,0x8000CAA8,0x00000000000A7571,369,669,0,0
98,8,0x8000CAB0,0x00000000000F3DD7,471,975,0,0
98,9,0x8000CAB8,0x00000000000F463A,570,977,0,0
98,10,0x8000CAC0,0x00000000000F39CA,458,974,0,0
98,11,0x8000CAC8,0x00000000000F621E,542,984,0,0
98,12,0x8000CAD0,0x00000000000F45CE,462,977,0,0
98,13,0x8000CAD8,0x00000000000C706B,107,796,0,0
99,0,0x8000CAE0,0x00000000000F35D3,467,973,0,0
99,1,0x8000CAE8,0x00000000000CC803,3,818,0,0
99,2,0x8000CAF0,0x00000000000F3DE1,481,975,0,0
99,3,0x8000CAF8,0x00000000000BEE4D,589,763,0,0
99,4,0x8000CB00,0x00000000000F31BE,446,972,0,0
99,5,0x8000CB08,0x000000000009ED7D,381,635,0,0
99,6,0x8000CB10,0x00000000000F29D2,466,970,0,0
99,7,0x8000CB18,0x00000000000A0DB9,441,643,0,0
99,8,0x8000CB20,0x00000000000F3DD7,471,975,0,0
99,9,0x8000CB28,0x00000000000F562E,558,981,0,0
99,10,0x8000CB30,0x00000000000F39CA,458,974,0,0
99,11,0x8000CB38,0x00000000000F5E0E,526,983,0,0
99,12,0x8000CB40,0x00000000000F45CE,462,977,0,0
99,13,0x8000CB48,0x00000000000BCCCD,205,755,0,0
100,0,0x8000CB50,0x00000000000F59BC,444,982,0,0
100,1,0x8000CB58,0x00000000000D47A8,936,849,0,0
100,2,0x8000CB60,0x00000000000F59B6,438,982,0,0
100,3,0x8000CB68,0x00000000000C2559,345,777,0,0
100,4,0x8000CB70,0x00000000000F55A6,422,981,0,0
100,5,0x8000CB78,0x00000000000A252F,303,649,0,0
100,6,0x8000CB80,0x00000000000F41C6,454,976,0,0
100,7,0x8000CB88,0x00000000000A657C,380,665,0,0
100,8,0x8000CB90,0x00000000000F5DA8,424,983,0,0
100,9,0x8000CB98,0x00000000000F7601,513,989,0,0
100,10,0x8000CBA0,0x00000000000F59A3,419,982,0,0
100,11,0x8000CBA8,0x00000000000F7A13,531,990,0,0
100,12,0x8000CBB0,0x00000000000F69A2,418,986,0,0
100,13,0x8000CBB8,0x00000000000C008D,141,768,0,0
